configuration_id,configuration_label,class_weight,record_type,fold,training_records,validation_records,macro_f1,weighted_f1,accuracy,macro_precision,macro_recall,selected_configuration
A1,unweighted baseline,None,fold,1,448,113,0.7791713117800074,0.8013881078521324,0.8053097345132744,0.8257309941520466,0.7621806298276886,True
A1,unweighted baseline,None,fold,2,449,112,0.7108124919118168,0.7405889330396838,0.75,0.7366571699905032,0.6991648511256354,True
A1,unweighted baseline,None,fold,3,449,112,0.726995476620664,0.7611544502474038,0.7767857142857143,0.7646782727427889,0.7225589225589225,True
A1,unweighted baseline,None,fold,4,449,112,0.7123730928656086,0.7256291942175228,0.7321428571428571,0.7758741258741259,0.7060157126823793,True
A1,unweighted baseline,None,fold,5,449,112,0.7101105094835503,0.7381257718248314,0.75,0.743731343283582,0.6966329966329966,True
A1,unweighted baseline,None,mean,all,,,0.7278925765323294,0.7533772914363148,0.7628476611883692,0.7693343812086093,0.7173106225655245,True
A1,unweighted baseline,None,std,all,,,0.02949194402419807,0.029713761762396904,0.028592860921432765,0.03524323070396152,0.027042884596275876,True
A2,balanced adaptation,balanced,fold,1,448,113,0.7244703790293116,0.7537162192659217,0.7610619469026548,0.7743803711545647,0.7087344028520498,False
A2,balanced adaptation,balanced,fold,2,449,112,0.7368889743096932,0.7664386617610719,0.7767857142857143,0.77355127198018,0.7213144517066086,False
A2,balanced adaptation,balanced,fold,3,449,112,0.6889101490871402,0.7235346123620461,0.7410714285714286,0.7400096458591704,0.6907070707070707,False
A2,balanced adaptation,balanced,fold,4,449,112,0.7085857326851968,0.7192911339719734,0.7232142857142857,0.7542471999207057,0.6952188552188551,False
A2,balanced adaptation,balanced,fold,5,449,112,0.756084656084656,0.7782454648526077,0.7857142857142857,0.7874643874643875,0.7402693602693602,False
A2,balanced adaptation,balanced,mean,all,,,0.7229879782391995,0.7482452184427241,0.7575695322376739,0.7659305752758017,0.7112488281507888,False
A2,balanced adaptation,balanced,std,all,,,0.02578540481054677,0.02602835509042448,0.0256225298771404,0.018718807237216115,0.02017891367040432,False
