accuracy,class_weight,configuration_id,configuration_label,feature_scope,fold,macro_f1,macro_precision,macro_recall,model_family,record_type,selected_configuration,source_model_event_id,training_records,validation_records,weighted_f1,rfecv_selected_features
0.8053097345132744,None,A1,unweighted baseline,436 mutual-information-selected features,1,0.7791713117800074,0.8257309941520466,0.7621806298276886,A,fold,True,MODEL_000002,448,113,0.8013881078521324,
0.75,None,A1,unweighted baseline,436 mutual-information-selected features,2,0.7108124919118168,0.7366571699905032,0.6991648511256354,A,fold,True,MODEL_000002,449,112,0.7405889330396838,
0.7767857142857143,None,A1,unweighted baseline,436 mutual-information-selected features,3,0.726995476620664,0.7646782727427889,0.7225589225589225,A,fold,True,MODEL_000002,449,112,0.7611544502474038,
0.7321428571428571,None,A1,unweighted baseline,436 mutual-information-selected features,4,0.7123730928656086,0.7758741258741259,0.7060157126823793,A,fold,True,MODEL_000002,449,112,0.7256291942175228,
0.75,None,A1,unweighted baseline,436 mutual-information-selected features,5,0.7101105094835503,0.743731343283582,0.6966329966329966,A,fold,True,MODEL_000002,449,112,0.7381257718248314,
0.7628476611883692,None,A1,unweighted baseline,436 mutual-information-selected features,all,0.7278925765323294,0.7693343812086093,0.7173106225655245,A,mean,True,MODEL_000002,,,0.7533772914363148,
0.028592860921432765,None,A1,unweighted baseline,436 mutual-information-selected features,all,0.02949194402419807,0.03524323070396152,0.027042884596275876,A,std,True,MODEL_000002,,,0.029713761762396904,
0.7610619469026548,balanced,A2,balanced adaptation,436 mutual-information-selected features,1,0.7244703790293116,0.7743803711545647,0.7087344028520498,A,fold,False,MODEL_000002,448,113,0.7537162192659217,
0.7767857142857143,balanced,A2,balanced adaptation,436 mutual-information-selected features,2,0.7368889743096932,0.77355127198018,0.7213144517066086,A,fold,False,MODEL_000002,449,112,0.7664386617610719,
0.7410714285714286,balanced,A2,balanced adaptation,436 mutual-information-selected features,3,0.6889101490871402,0.7400096458591704,0.6907070707070707,A,fold,False,MODEL_000002,449,112,0.7235346123620461,
0.7232142857142857,balanced,A2,balanced adaptation,436 mutual-information-selected features,4,0.7085857326851968,0.7542471999207057,0.6952188552188551,A,fold,False,MODEL_000002,449,112,0.7192911339719734,
0.7857142857142857,balanced,A2,balanced adaptation,436 mutual-information-selected features,5,0.756084656084656,0.7874643874643875,0.7402693602693602,A,fold,False,MODEL_000002,449,112,0.7782454648526077,
0.7575695322376739,balanced,A2,balanced adaptation,436 mutual-information-selected features,all,0.7229879782391995,0.7659305752758017,0.7112488281507888,A,mean,False,MODEL_000002,,,0.7482452184427241,
0.0256225298771404,balanced,A2,balanced adaptation,436 mutual-information-selected features,all,0.02578540481054677,0.018718807237216115,0.02017891367040432,A,std,False,MODEL_000002,,,0.02602835509042448,
0.7699115044247787,None,B1,full-feature unweighted baseline,"all 23,464 TF-IDF features",1,0.6766081871345029,0.8301587301587302,0.6827985739750445,B,fold,False,MODEL_000003,448,113,0.736407390156808,
0.7678571428571429,None,B1,full-feature unweighted baseline,"all 23,464 TF-IDF features",2,0.7215065858703147,0.8261875111190179,0.6951706608569354,B,fold,False,MODEL_000003,449,112,0.7522976678606419,
0.7767857142857143,None,B1,full-feature unweighted baseline,"all 23,464 TF-IDF features",3,0.6978726198600821,0.8020833333333334,0.7050056116722784,B,fold,False,MODEL_000003,449,112,0.7454648226937522,
0.6875,None,B1,full-feature unweighted baseline,"all 23,464 TF-IDF features",4,0.6472308221534228,0.7660206718346254,0.6379573512906845,B,fold,False,MODEL_000003,449,112,0.6757380583812472,
0.75,None,B1,full-feature unweighted baseline,"all 23,464 TF-IDF features",5,0.6904532304725169,0.811904761904762,0.6772390572390572,B,fold,False,MODEL_000003,449,112,0.7292585066813612,
0.7504108723135272,None,B1,full-feature unweighted baseline,"all 23,464 TF-IDF features",all,0.6867342890981678,0.8072710016700938,0.6796342510068001,B,mean,False,MODEL_000003,,,0.7278332891547621,
0.036531582120762976,None,B1,full-feature unweighted baseline,"all 23,464 TF-IDF features",all,0.027432040580090883,0.02564983330023962,0.025679757767688858,B,std,False,MODEL_000003,,,0.030409029591300752,
0.7787610619469026,balanced,B2,full-feature balanced adaptation,"all 23,464 TF-IDF features",1,0.6971526659633928,0.8366153478935434,0.7041740938799762,B,fold,True,MODEL_000003,448,113,0.7552517070443185,
0.8035714285714286,balanced,B2,full-feature balanced adaptation,"all 23,464 TF-IDF features",2,0.7515169046192415,0.851037851037851,0.7380174291938998,B,fold,True,MODEL_000003,449,112,0.7875738282668178,
0.7232142857142857,balanced,B2,full-feature balanced adaptation,"all 23,464 TF-IDF features",3,0.6670454345260116,0.7681414446120328,0.6790572390572391,B,fold,True,MODEL_000003,449,112,0.7045919783007543,
0.6785714285714286,balanced,B2,full-feature balanced adaptation,"all 23,464 TF-IDF features",4,0.6301897695490374,0.7621044605413649,0.6246240179573513,B,fold,True,MODEL_000003,449,112,0.6626280993986944,
0.7589285714285714,balanced,B2,full-feature balanced adaptation,"all 23,464 TF-IDF features",5,0.6996972046822495,0.8159722222222222,0.6912682379349047,B,fold,True,MODEL_000003,449,112,0.7395655296016711,
0.7486093552465233,balanced,B2,full-feature balanced adaptation,"all 23,464 TF-IDF features",all,0.6891203958679866,0.806774265261403,0.6874282036046743,B,mean,True,MODEL_000003,,,0.7299222285224513,
0.048955750104617266,balanced,B2,full-feature balanced adaptation,"all 23,464 TF-IDF features",all,0.044804668251527575,0.04006945200446664,0.04143935096247638,B,std,True,MODEL_000003,,,0.048032291434506595,
0.7787610619469026,None,C1,nested-RFECV unweighted,"RFECV-selected from all 23,464 TF-IDF features",1,0.7183195592286502,0.8328017012227539,0.7048573975044562,C,fold,False,MODEL_000004,448,113,0.7598551890587288,3523.0
0.7589285714285714,None,C1,nested-RFECV unweighted,"RFECV-selected from all 23,464 TF-IDF features",2,0.7306227598566308,0.826984126984127,0.70079883805374,C,fold,False,MODEL_000004,449,112,0.7498739919354839,1177.0
0.7410714285714286,None,C1,nested-RFECV unweighted,"RFECV-selected from all 23,464 TF-IDF features",3,0.6879247668721353,0.7559251047055926,0.6867789001122335,C,fold,False,MODEL_000004,449,112,0.7236778601910181,4696.0
0.6875,None,C1,nested-RFECV unweighted,"RFECV-selected from all 23,464 TF-IDF features",4,0.6375536375536376,0.7693895986578912,0.6307968574635241,C,fold,False,MODEL_000004,449,112,0.6699454824454824,4696.0
0.75,None,C1,nested-RFECV unweighted,"RFECV-selected from all 23,464 TF-IDF features",5,0.7037037037037037,0.8250000000000001,0.6804713804713804,C,fold,False,MODEL_000004,449,112,0.7329931972789117,4696.0
0.7432522123893806,None,C1,nested-RFECV unweighted,"RFECV-selected from all 23,464 TF-IDF features",all,0.6956248854429515,0.8020201063140728,0.6807406747210669,C,mean,False,MODEL_000004,,,0.727269144181925,3757.6
0.03415122351993273,None,C1,nested-RFECV unweighted,"RFECV-selected from all 23,464 TF-IDF features",all,0.0361826214971773,0.03636029300672463,0.029643143396126673,C,std,False,MODEL_000004,,,0.035016045472430264,1529.4048842605414
0.7876106194690266,balanced,C2,nested-RFECV balanced,"RFECV-selected from all 23,464 TF-IDF features",1,0.7260209211428723,0.8392857142857143,0.7221479500891266,C,fold,True,MODEL_000004,448,113,0.7745000656720925,2350.0
0.8125,balanced,C2,nested-RFECV balanced,"RFECV-selected from all 23,464 TF-IDF features",2,0.7758811443021969,0.8527777777777779,0.7596223674655048,C,fold,True,MODEL_000004,449,112,0.8037238366185734,14080.0
0.75,balanced,C2,nested-RFECV balanced,"RFECV-selected from all 23,464 TF-IDF features",3,0.714059785688046,0.7698828379714353,0.7151290684624018,C,fold,True,MODEL_000004,449,112,0.740525397398619,2350.0
0.7053571428571429,balanced,C2,nested-RFECV balanced,"RFECV-selected from all 23,464 TF-IDF features",4,0.6712110340428925,0.7345781084929494,0.6653198653198653,C,fold,True,MODEL_000004,449,112,0.6940731028120409,124.0
0.7767857142857143,balanced,C2,nested-RFECV balanced,"RFECV-selected from all 23,464 TF-IDF features",5,0.7235745061832018,0.8260695721711316,0.7147025813692481,C,fold,True,MODEL_000004,449,112,0.7618153313029089,5869.0
0.7664506953223768,balanced,C2,nested-RFECV balanced,"RFECV-selected from all 23,464 TF-IDF features",all,0.7221494782718418,0.8045188021398018,0.7153843665412294,C,mean,True,MODEL_000004,,,0.754927546760847,4954.6
0.04085994676198515,balanced,C2,nested-RFECV balanced,"RFECV-selected from all 23,464 TF-IDF features",all,0.03729704725382267,0.05023308979250347,0.0335772656676334,C,std,True,MODEL_000004,,,0.04099478085951456,5500.2643391022575
