final_relevance_rank,original_tfidf_feature_index,ngram_text,ngram_length,mutual_information_score,idf_value
1,5213,de,1,0.9684381627736334,1.0795979667278026
2,12563,la,1,0.7684298480895682,1.291247138616277
3,9190,en,1,0.6649723435617201,1.4343479822569505
4,8333,el,1,0.5963452029840846,1.5293834745166284
5,22700,y,1,0.5741019433321966,1.5726000760164105
6,7122,del,1,0.5251454913226534,1.6616209269131714
7,18490,que,1,0.496500952899686,1.7330798908953162
8,672,a,1,0.4790703468525802,1.790238304735265
9,13687,los,1,0.4357800483261904,1.8221135132657138
10,19919,se,1,0.416616708717727,1.9288244680214115
11,13198,las,1,0.34094549497166454,2.0844777777332046
12,16481,para,1,0.3340633518984747,2.1165660922847054
13,6038,de la,2,0.26708118763244026,2.2880767329744445
14,9267,en el,2,0.25629410519129464,2.3616885503176905
15,17391,por,1,0.2468454388521393,2.4336620499427797
16,15826,o,1,0.2360216654051492,2.471689445532019
17,4034,con,1,0.2334116971514278,2.411520924065566
18,9348,en la,2,0.22175235893012252,2.471689445532019
19,21872,un,1,0.21157809672183142,2.5274808051604345
20,1435,al,1,0.18324589147247686,2.6967728616640554
21,779,a la,2,0.18185747783718514,2.77762495829315
22,17765,presente,1,0.18141917679153746,2.658673015431785
23,8923,emisiones,1,0.16606766653672753,2.820642343376841
24,14796,ministerio,1,0.16595503452581295,2.7465343712231194
25,6991,decreto,1,0.15570581161845715,2.7989023567404354
26,19801,santiago,1,0.14962646405779145,2.854165035415485
27,6543,de santiago,2,0.14744429120065825,2.865593731239107
28,1738,ambiente,1,0.14471481994330587,2.820642343376841
29,14498,medio,1,0.14471481994330587,2.820642343376841
30,14499,medio ambiente,2,0.14471481994330587,2.820642343376841
31,6182,de los,2,0.14455166433691738,2.9370526952212526
32,7342,del presente,2,0.14301751396828166,2.8888505934033746
33,7266,del medio,2,0.14170670478149627,2.842865480161551
34,7267,del medio ambiente,3,0.14170670478149627,2.842865480161551
35,13063,la región,2,0.14116335710570724,2.9126612420970934
36,19311,región,1,0.1411633571057072,2.9126612420970934
37,14733,metropolitana,1,0.13762349517154854,2.9370526952212526
38,13066,la región metropolitana,3,0.13408932054575812,2.9620539974266693
39,19318,región metropolitana,2,0.13408932054575812,2.9620539974266693
40,17141,plan,1,0.13358291295374605,3.054835730877636
41,17777,presente decreto,2,0.13077962625007394,2.9494752152198096
42,14736,metropolitana de,2,0.1258372938842514,3.0140137363573807
43,19320,región metropolitana de,3,0.1258372938842514,3.0140137363573807
44,15498,no,1,0.1246666567797056,3.1119941447175843
45,14738,metropolitana de santiago,3,0.12447090175880954,3.0274367566895215
46,3783,como,1,0.11765627082512964,3.22062798572038
47,18828,que se,2,0.1165359397077978,3.1883671235021582
48,6128,de las,2,0.11635351288526619,3.157114579998054
49,7344,del presente decreto,3,0.11468003190527547,3.068821972852376
50,13597,lo,1,0.11389405491421875,3.2043674648485996
51,22569,vigencia,1,0.11191990091286486,3.126809230502725
52,9549,en vigencia,2,0.1090859168876693,3.157114579998054
53,14432,medidas,1,0.10637950460151543,3.32416866466122
54,22570,vigencia del,2,0.10240607040960215,3.1883671235021582
55,9550,en vigencia del,3,0.09955933129462563,3.22062798572038
56,9696,entrada,1,0.09955933129462563,3.22062798572038
57,9697,entrada en,2,0.09955933129462563,3.22062798572038
58,9698,entrada en vigencia,3,0.09955933129462563,3.22062798572038
59,7270,del ministerio,2,0.09942792850557705,3.399676217169365
60,22573,vigencia del presente,3,0.09757235373437004,3.2371572876715904
61,14797,ministerio de,2,0.09257976692664312,3.288450582059141
62,16606,para la,2,0.09122303825996561,3.4603008389858
63,6860,deberán,1,0.08921701078054114,3.2043674648485996
64,15080,mp2,1,0.08915467076881037,3.54731221597543
65,22032,una,1,0.08828323441702508,3.4396815517830643
66,5750,de emisiones,2,0.08786055773919486,3.419478844465545
67,19142,reducción,1,0.08480129033130394,3.524839360123371
68,9845,es,1,0.08330731427678655,3.693915690167305
69,21134,sus,1,0.08098365135337793,3.4396815517830643
70,7541,desde,1,0.08064905755868383,3.399676217169365
71,12767,la entrada,2,0.07961154821676938,3.3612099363415693
72,12768,la entrada en,3,0.07961154821676938,3.3612099363415693
73,9068,emisión,1,0.0774027973709057,3.4813542481836324
74,20627,siguientes,1,0.07683271051757744,3.570301734200129
75,15603,norma,1,0.07573571753247023,3.747982911437581
76,14806,ministerio del,2,0.07530436134534103,3.502860453404596
77,14807,ministerio del medio,3,0.07530436134534103,3.502860453404596
78,20911,su,1,0.07510622701679834,3.570301734200129
79,14659,meses,1,0.07415405542397653,3.4813542481836324
80,14263,material,1,0.07326789823178032,3.693915690167305
81,21250,tabla,1,0.07219746239348743,3.6179297831893833
82,14264,material particulado,2,0.07202040620113767,3.7205839372494665
83,16788,particulado,1,0.07202040620113767,3.7205839372494665
84,8038,ds,1,0.06899902343810387,3.930304468231536
85,2612,año,1,0.06882249288632167,3.7761537884042773
86,2284,artículo,1,0.06821191313154418,3.524839360123371
87,3028,calidad,1,0.06709050098670585,3.7761537884042773
88,13499,leña,1,0.06613388822441421,3.7205839372494665
89,8611,el ministerio,2,0.06522963566225665,3.4813542481836324
90,12949,la norma,2,0.06505803391130746,3.897514645408545
91,19147,reducción de,2,0.06493057259170407,3.8051413252775297
92,21090,superintendencia,1,0.06460765092002911,3.524839360123371
93,6797,deberá,1,0.06321511990423481,3.502860453404596
94,9379,en la región,3,0.062099523089802766,3.642622395779755
95,13123,la superintendencia,2,0.06174404897356791,3.570301734200129
96,1186,acuerdo,1,0.05974714193892522,3.7761537884042773
97,5788,de emisión,2,0.059035385799668307,3.7761537884042773
98,15050,mp10,1,0.057365270948942546,3.930304468231536
99,13350,las medidas,2,0.05720093040285525,3.8657659470939647
100,17257,plazo,1,0.05691456234854912,3.642622395779755
101,13129,la tabla,2,0.05555530931054502,3.930304468231536
102,7554,desde la,2,0.05543533497680546,3.693915690167305
103,1392,aire,1,0.05543463839726204,3.964206019907217
104,1697,ambiental,1,0.05403167469407974,4.035664983889362
105,7501,descontaminación,1,0.053718770930016146,4.035664983889362
106,7271,del ministerio de,3,0.053597335032094295,3.9992973397184874
107,5330,de acuerdo,2,0.05320483584233811,3.8657659470939647
108,7153,del aire,2,0.05316696567750481,3.9992973397184874
109,23079,y o,2,0.05236437751212838,3.930304468231536
110,2442,atmosférica,1,0.051750594798808204,4.035664983889362
111,8382,el artículo,2,0.05171032861231098,3.7761537884042773
112,3642,combustibles,1,0.05149128924354227,3.7761537884042773
113,67,12,1,0.05130956651912725,3.9992973397184874
114,866,a los,2,0.05126554434631771,3.897514645408545
115,855,a lo,2,0.051184220291813555,3.964206019907217
116,9417,en los,2,0.05104013703409514,3.897514645408545
117,17151,plan de,2,0.05067939593630235,3.9992973397184874
118,17463,por la,2,0.05032430518727035,3.930304468231536
119,11183,fuentes,1,0.04999344603256223,3.964206019907217
120,3036,calidad del,2,0.049643760121862765,4.073405311872209
121,3037,calidad del aire,3,0.049643760121862765,4.073405311872209
122,8509,el ds,2,0.04929656098406276,4.286979412170268
123,9275,en el artículo,3,0.04894370805951381,3.834994288427211
124,5080,cumplir,1,0.04852567742344713,3.834994288427211
125,17258,plazo de,2,0.048497925667097395,3.8051413252775297
126,10074,establecido,1,0.04840628817005498,4.035664983889362
127,7556,desde la entrada,3,0.047273402817866135,3.8051413252775297
128,20474,seremi,1,0.047168826473090446,3.8051413252775297
129,10075,establecido en,2,0.04709421559735863,4.073405311872209
130,3608,combustible,1,0.04697553928134183,4.035664983889362
131,20800,sobre,1,0.04670373988177458,4.196007633964541
132,16541,para el,2,0.04667132223779162,4.035664983889362
133,23329,zona,1,0.04661476006121569,3.9992973397184874
134,9384,en la tabla,3,0.046591432557021396,4.11262602502549
135,18742,que no,2,0.046591432557021396,4.11262602502549
136,8612,el ministerio de,3,0.04619392496891554,3.7761537884042773
137,7318,del plan,2,0.04600984936365632,4.11262602502549
138,10857,fecha,1,0.04594166903659581,4.3870628707272505
139,8949,emisiones de,2,0.04492527386754883,4.035664983889362
140,3711,combustión,1,0.04465455126123721,4.286979412170268
141,18078,programa,1,0.044421985224752415,4.073405311872209
142,8133,e,1,0.04400088268831663,4.073405311872209
143,5477,de calidad,2,0.04360808693875498,4.240459396535375
144,5057,cumplimiento,1,0.043263620829085525,4.035664983889362
145,1191,acuerdo a,2,0.04312459870769411,4.073405311872209
146,5331,de acuerdo a,3,0.04312459870769411,4.073405311872209
147,20682,sin,1,0.042755413944181496,4.196007633964541
148,7502,descontaminación atmosférica,2,0.042548817275372276,4.240459396535375
149,22216,uso,1,0.04226406291180624,3.930304468231536
150,14116,madera,1,0.04214482612315649,4.11262602502549
151,13612,lo establecido,2,0.041881822487926025,4.240459396535375
152,20717,sistema,1,0.0415936811690308,4.196007633964541
153,13099,la seremi,2,0.0415791773404961,3.930304468231536
154,7425,dentro,1,0.04147772611423394,4.073405311872209
155,3260,caso,1,0.041476403140838,4.035664983889362
156,13125,la superintendencia del,3,0.04146024905853401,3.964206019907217
157,21095,superintendencia del,2,0.04146024905853401,3.964206019907217
158,21096,superintendencia del medio,3,0.04146024905853401,3.964206019907217
159,6673,de un,2,0.04092626198612411,4.196007633964541
160,13613,lo establecido en,3,0.04058759642683959,4.286979412170268
161,4067,con el,2,0.04043106695072332,3.9992973397184874
162,1934,anterior,1,0.04028508147449131,4.196007633964541
163,14347,mediante,1,0.040213231046701915,4.196007633964541
164,8670,el presente,2,0.04010427922558578,4.11262602502549
165,16230,operación,1,0.03996919646982629,4.3357695763397
166,10244,este,1,0.03983339678142235,4.1534480195457455
167,17430,por el,2,0.03983339678142235,4.1534480195457455
168,1108,actividades,1,0.03978615007037288,4.240459396535375
169,17972,proceso,1,0.03964271154701588,4.441130091997526
170,13055,la reducción,2,0.03910545625117814,4.3357695763397
171,4555,contaminantes,1,0.03892320695835766,4.286979412170268
172,3892,compensación,1,0.03883063126396507,4.240459396535375
173,9394,en las,2,0.038785561606199094,4.1534480195457455
174,22877,y descontaminación,2,0.038757518751176945,4.3870628707272505
175,9982,esta,1,0.03824797276992924,4.073405311872209
176,9703,entre,1,0.03775502982197471,4.3357695763397
177,9536,en un,2,0.03767217076816103,4.11262602502549
178,20384,según,1,0.037665197271184434,4.1534480195457455
179,21997,un plazo,2,0.03749833065568856,4.073405311872209
180,17803,presente plan,2,0.03743828790886881,4.3357695763397
181,7272,del ministerio del,3,0.03722538224430645,4.3357695763397
182,11147,fuente,1,0.03696710439379179,4.4982885058374755
183,14819,minsegpres,1,0.03687871797255886,4.4982885058374755
184,16408,otros,1,0.03662487348260707,4.1534480195457455
185,21680,transporte,1,0.03661797953717513,4.286979412170268
186,10978,fiscalización,1,0.03633620336469526,4.196007633964541
187,20264,sea,1,0.036204630792422,4.3357695763397
188,8087,durante,1,0.03615897366975636,4.240459396535375
189,17847,prevención,1,0.03605749003115503,4.441130091997526
190,17848,prevención y,2,0.03605749003115503,4.441130091997526
191,10082,establecidos,1,0.03544322896217915,4.286979412170268
192,282,2009,1,0.03539037192445553,4.4982885058374755
193,15475,niveles,1,0.035327262162848885,4.3357695763397
194,6663,de transportes y,3,0.03495487125632275,4.073405311872209
195,21372,telecomunicaciones,1,0.03495487125632275,4.073405311872209
196,21716,transportes y,2,0.03495487125632275,4.073405311872209
197,21717,transportes y telecomunicaciones,3,0.03495487125632275,4.073405311872209
198,23264,y telecomunicaciones,2,0.03495487125632275,4.073405311872209
199,6661,de transportes,2,0.034954871256322746,4.073405311872209
200,14804,ministerio de transportes,3,0.034954871256322746,4.073405311872209
201,21713,transportes,1,0.034954871256322746,4.073405311872209
202,20722,sistema de,2,0.03489699140444909,4.3870628707272505
203,18079,programa de,2,0.03483265078396252,4.286979412170268
204,6433,de prevención,2,0.03479720934336585,4.4982885058374755
205,6434,de prevención y,3,0.03479720934336585,4.4982885058374755
206,17850,prevención y descontaminación,3,0.03479720934336585,4.4982885058374755
207,21998,un plazo de,3,0.03478693235662794,4.1534480195457455
208,75,12 meses,2,0.03466600028964114,4.286979412170268
209,5479,de calidad del,3,0.03463597113510744,4.441130091997526
210,20618,siguiente,1,0.03459454665647218,4.3357695763397
211,22878,y descontaminación atmosférica,3,0.0343271813536588,4.4982885058374755
212,9372,en la norma,3,0.03426638371865019,4.623451648791481
213,11337,gases,1,0.0341268205353912,4.558913127653909
214,911,a partir,2,0.033998914793693984,4.441130091997526
215,2721,base,1,0.033998914793693984,4.441130091997526
216,16849,partir,1,0.033998914793693984,4.441130091997526
217,13282,las emisiones,2,0.03363378692568767,4.3870628707272505
218,15203,más,1,0.03363378692568767,4.3870628707272505
219,2890,cada,1,0.03351456191776129,4.3357695763397
220,2954,calefacción,1,0.033420944903774015,4.441130091997526
221,11871,implementación,1,0.03329373690664251,4.3870628707272505
222,19490,requisitos,1,0.03294098019024417,4.441130091997526
223,19152,reducción de emisiones,3,0.03286908474009477,4.441130091997526
224,9770,episodios,1,0.03275627448771916,4.441130091997526
225,7907,dispuesto,1,0.0324694396729442,4.4982885058374755
226,7908,dispuesto en,2,0.0324694396729442,4.4982885058374755
227,13608,lo dispuesto,2,0.0324694396729442,4.4982885058374755
228,13609,lo dispuesto en,3,0.0324694396729442,4.4982885058374755
229,13989,los siguientes,2,0.032335557693869865,4.286979412170268
230,6488,de reducción,2,0.03183804399317592,4.3357695763397
231,13631,lo que,2,0.03162985010223642,4.623451648791481
232,19765,salud,1,0.03145956724579558,4.441130091997526
233,6106,de la región,3,0.031330749688548494,4.3357695763397
234,17160,plan de prevención,3,0.031311265122452005,4.623451648791481
235,20320,sector,1,0.03125198216419064,4.558913127653909
236,600,66,1,0.03103664471746479,4.623451648791481
237,318,2015,1,0.03100172615481891,4.623451648791481
238,3189,carbono,1,0.03084529823226255,4.623451648791481
239,4143,con los,2,0.030779609791534573,4.240459396535375
240,16199,oficial,1,0.030533468797676523,4.623451648791481
241,5271,de 2009,2,0.03046967817640127,4.623451648791481
242,22853,y de,2,0.030463531085599647,4.441130091997526
243,11698,horas,1,0.030405489732809876,4.623451648791481
244,857,a lo establecido,3,0.02989228828604372,4.623451648791481
245,6149,de las medidas,3,0.0297726597253114,4.558913127653909
246,18608,que el,2,0.029772659725311394,4.558913127653909
247,405,24,1,0.029575459440413676,4.441130091997526
248,8245,efectos,1,0.02929314254581819,4.4982885058374755
249,3893,compensación de,2,0.029289510172053425,4.441130091997526
250,3894,compensación de emisiones,3,0.029289510172053425,4.441130091997526
251,4583,contar,1,0.02921139429230278,4.3357695763397
252,4329,conforme,1,0.029211394292302774,4.3357695763397
253,19498,residencial,1,0.029169743146277745,4.4982885058374755
254,12808,la fecha,2,0.029093074146341547,4.7665524924321545
255,5571,de combustión,2,0.028832620026666672,4.7665524924321545
256,2762,beneficios,1,0.02873494625458239,4.692444520278432
257,17650,ppda,1,0.028734946254582387,4.692444520278432
258,8613,el ministerio del,3,0.028669939879122475,4.286979412170268
259,5500,de carbono,2,0.02861302013256113,4.692444520278432
260,601,66 de,2,0.02829345932160377,4.692444520278432
261,7426,dentro de,2,0.02817085962397696,4.4982885058374755
262,2213,aquellas,1,0.02807700789492508,4.558913127653909
263,10083,establecidos en,2,0.02807700789492508,4.558913127653909
264,14061,límites,1,0.02807700789492508,4.558913127653909
265,5062,cumplimiento de,2,0.02807386356537244,4.3870628707272505
266,962,a través,2,0.027878678945903373,4.3357695763397
267,21727,través,1,0.027878678945903373,4.3357695763397
268,4330,conforme a,2,0.027869208601626637,4.3870628707272505
269,21579,todo,1,0.02775968106839928,4.692444520278432
270,4218,concentraciones,1,0.027736587648426604,4.692444520278432
271,13056,la reducción de,3,0.02765554412883542,4.692444520278432
272,9302,en el presente,3,0.02754797330900105,4.441130091997526
273,10464,evaluación,1,0.027404969909506187,4.692444520278432
274,6969,declarada,1,0.027328907139998825,4.7665524924321545
275,8053,ds 66,2,0.027236522759761954,4.846595200105691
276,16633,para la región,3,0.027215790117794653,4.692444520278432
277,912,a partir de,3,0.02713386739533099,4.692444520278432
278,16850,partir de,2,0.02713386739533099,4.692444520278432
279,23248,y sus,2,0.02713386739533099,4.692444520278432
280,9077,emisión de,2,0.026977615582488762,4.623451648791481
281,18310,proyectos,1,0.026927915572550472,4.692444520278432
282,10161,estacionarias,1,0.026860219711203365,4.558913127653909
283,11195,fuentes estacionarias,2,0.026860219711203365,4.558913127653909
284,15074,mp10 y,2,0.026756331305784878,4.692444520278432
285,7659,diario,1,0.02669351314206514,4.846595200105691
286,6490,de reducción de,3,0.026601421009472277,4.558913127653909
287,20481,seremi del,2,0.02656771328744703,4.3357695763397
288,20482,seremi del medio,3,0.02656771328744703,4.3357695763397
289,17354,podrán,1,0.026529502918900848,4.3870628707272505
290,7826,disminución,1,0.02647648851762087,4.7665524924321545
291,5722,de economía,2,0.02647302601619784,4.7665524924321545
292,5723,de economía fomento,3,0.02647302601619784,4.7665524924321545
293,8173,economía,1,0.02647302601619784,4.7665524924321545
294,8174,economía fomento,2,0.02647302601619784,4.7665524924321545
295,8175,economía fomento y,3,0.02647302601619784,4.7665524924321545
296,11038,fomento,1,0.02647302601619784,4.7665524924321545
297,11039,fomento y,2,0.02647302601619784,4.7665524924321545
298,11040,fomento y reconstrucción,3,0.02647302601619784,4.7665524924321545
299,14799,ministerio de economía,3,0.02647302601619784,4.7665524924321545
300,19086,reconstrucción,1,0.02647302601619784,4.7665524924321545
301,23182,y reconstrucción,2,0.02647302601619784,4.7665524924321545
302,3535,co,1,0.026388843015549925,4.7665524924321545
303,20506,será,1,0.026044775859877592,4.558913127653909
304,22220,uso de,2,0.02596785877244759,4.3870628707272505
305,19533,resolución,1,0.025960293147275923,4.692444520278432
306,8822,electricidad,1,0.025954327216147238,4.441130091997526
307,21491,tiene,1,0.02561409960090035,4.846595200105691
308,12609,la calidad,2,0.025612515168773026,4.558913127653909
309,602,66 de 2009,3,0.02556212750717201,4.7665524924321545
310,8431,el caso,2,0.02555311865815409,4.623451648791481
311,3261,caso de,2,0.025464283489080718,4.558913127653909
312,9541,en un plazo,3,0.025403421274366768,4.441130091997526
313,14411,medida,1,0.025403421274366768,4.441130091997526
314,2234,aquellos,1,0.025337081241637242,4.623451648791481
315,6229,de madera,2,0.025337081241637242,4.623451648791481
316,8789,elaboración,1,0.025309189503130686,4.692444520278432
317,13888,los niveles,2,0.02530109765790345,4.623451648791481
318,2995,calefactores,1,0.025278404300220617,4.3357695763397
319,13101,la seremi del,3,0.02521151940296741,4.3870628707272505
320,1088,actividad,1,0.02499800738173169,4.7665524924321545
321,7345,del presente plan,3,0.024998007381731684,4.7665524924321545
322,6254,de material,2,0.02498342957285335,4.623451648791481
323,4240,concentración,1,0.024968778173455587,4.7665524924321545
324,5002,cuenca,1,0.02496877817345558,4.7665524924321545
325,14606,menor,1,0.024909449002330365,4.558913127653909
326,5834,de episodios,2,0.024890382929682212,4.692444520278432
327,7452,derivados,1,0.02487425430439636,4.4982885058374755
328,8,10,1,0.02484992982147991,4.692444520278432
329,15655,normas,1,0.02484992982147991,4.692444520278432
330,7911,dispuesto en la,3,0.024563986582329056,4.846595200105691
331,11129,fue,1,0.024563986582329056,4.846595200105691
332,7662,diario oficial,2,0.024561903494542986,4.93360657709532
333,8497,el diario,2,0.024561903494542986,4.93360657709532
334,8498,el diario oficial,3,0.024561903494542986,4.93360657709532
335,9283,en el diario,3,0.024561903494542986,4.93360657709532
336,8054,ds 66 de,3,0.024483596729350382,4.93360657709532
337,16379,otras,1,0.024387429203515117,4.7665524924321545
338,5294,de 24,2,0.024312191817204135,4.623451648791481
339,6294,de minsegpres,2,0.024285552997605576,4.846595200105691
340,15606,norma de,2,0.024285552997605576,4.846595200105691
341,8409,el año,2,0.024226284190691436,4.846595200105691
342,10225,estará,1,0.024166241885882876,4.7665524924321545
343,4344,conjunto,1,0.024150378865335283,4.623451648791481
344,20445,ser,1,0.0240900315036517,4.558913127653909
345,22436,vehículos,1,0.0240900315036517,4.558913127653909
346,7666,dicha,1,0.023926165589479124,4.623451648791481
347,10700,existentes,1,0.023926165589479118,4.623451648791481
348,10114,establecimientos,1,0.023859060627895168,4.441130091997526
349,14672,meses desde,2,0.023859060627895168,4.441130091997526
350,17326,podrá,1,0.023859060627895168,4.441130091997526
351,963,a través de,3,0.0238422523579958,4.4982885058374755
352,21728,través de,2,0.0238422523579958,4.4982885058374755
353,14700,metas,1,0.023748672263961754,4.846595200105691
354,6255,de material particulado,3,0.023679847478711283,4.692444520278432
355,804,a la fecha,3,0.02357522755826015,4.93360657709532
356,7453,derivados de,2,0.02354992884736736,4.558913127653909
357,11459,gestión,1,0.023496973287380145,4.692444520278432
358,11370,gec,1,0.023420511440509655,4.692444520278432
359,17085,período,1,0.023334935014009513,4.623451648791481
360,22249,utilicen,1,0.02331202755648349,4.441130091997526
361,5219,de 12,2,0.02328827319658127,4.558913127653909
362,5081,cumplir con,2,0.02328060821154254,4.4982885058374755
363,121,15,1,0.023243940762879688,4.7665524924321545
364,11055,forma,1,0.023243940762879688,4.7665524924321545
365,22918,y en,2,0.02324394076287968,4.7665524924321545
366,1950,anterior se,2,0.023058190607875076,4.93360657709532
367,10078,establecido en la,3,0.023058190607875076,4.93360657709532
368,856,a lo dispuesto,3,0.02286963870180294,4.846595200105691
369,13420,las siguientes,2,0.02286963870180294,4.846595200105691
370,12701,la cuenca,2,0.022752636103765878,4.846595200105691
371,4114,con la,2,0.022737367254800807,4.558913127653909
372,17205,planes,1,0.022617584498478484,4.692444520278432
373,15675,normativa,1,0.02261758449847848,4.692444520278432
374,16646,para los,2,0.02261758449847848,4.692444520278432
375,23170,y que,2,0.022512858764975274,4.846595200105691
376,14673,meses desde la,3,0.022510315475550255,4.4982885058374755
377,11591,han,1,0.022432243219766453,4.93360657709532
378,14912,modificaciones,1,0.022248322318913633,4.846595200105691
379,15463,nivel,1,0.022248322318913633,4.846595200105691
380,3209,carbón,1,0.022113676550412607,4.7665524924321545
381,18385,puede,1,0.022007747067675748,5.028916756899646
382,16437,ozono,1,0.021984265456439403,4.93360657709532
383,17983,proceso de,2,0.02196452887050119,4.93360657709532
384,7002,decreto el,2,0.021963282404138577,4.4982885058374755
385,8770,el uso,2,0.021963282404138577,4.4982885058374755
386,17783,presente decreto el,3,0.021963282404138577,4.4982885058374755
387,18910,que utilicen,2,0.021963282404138577,4.4982885058374755
388,12894,la madera,2,0.02196068302858049,4.623451648791481
389,4127,con las,2,0.02195403883967601,4.846595200105691
390,2933,calderas,1,0.02194249132465391,4.558913127653909
391,13167,la zona,2,0.02194249132465391,4.558913127653909
392,4921,cual,1,0.021835799290111597,4.7665524924321545
393,10201,estado,1,0.021755951086679617,4.692444520278432
394,22895,y el,2,0.021755951086679617,4.692444520278432
395,203,1998,1,0.021742541990710802,5.028916756899646
396,4687,control,1,0.021722005438230545,4.7665524924321545
397,2667,años,1,0.021479447151884698,4.93360657709532
398,15558,no se,2,0.021452133875444306,4.692444520278432
399,1997,anual,1,0.02142100935572612,4.846595200105691
400,6140,de las emisiones,3,0.02142100935572612,4.846595200105691
401,7455,derivados de la,3,0.021409777086799968,4.623451648791481
402,19271,regional,1,0.02140619645791502,4.558913127653909
403,22405,vegetal,1,0.02129538963158302,4.7665524924321545
404,5221,de 12 meses,3,0.02116966292618285,4.623451648791481
405,5112,cuya,1,0.020955179428116436,4.93360657709532
406,5790,de emisión de,3,0.020955179428116436,4.93360657709532
407,15753,nuevo,1,0.020955179428116436,4.93360657709532
408,837,a las,2,0.020913715051098646,4.846595200105691
409,2497,aumento,1,0.020913715051098646,4.846595200105691
410,13320,las fuentes,2,0.020912031219160018,4.692444520278432
411,23114,y otros,2,0.02088428550555721,4.623451648791481
412,4476,construcción,1,0.020810346817559687,4.846595200105691
413,9276,en el caso,3,0.020810346817559687,4.846595200105691
414,9286,en el ds,3,0.020734695787716934,5.134277272557472
415,12100,indicados,1,0.02070415905611342,4.7665524924321545
416,11808,igual,1,0.020704159056113412,4.7665524924321545
417,20889,son,1,0.020694706815487546,5.028916756899646
418,2399,asociadas,1,0.020667572111282055,4.93360657709532
419,10070,establecidas,1,0.020667572111282055,4.93360657709532
420,20813,sobre la,2,0.020667572111282055,4.93360657709532
421,8827,electricidad y,2,0.020618229580704285,4.558913127653909
422,7978,diésel,1,0.02053919610603172,4.846595200105691
423,5828,de entrada,2,0.020495486782664267,5.134277272557472
424,5829,de entrada en,3,0.020495486782664267,5.134277272557472
425,10866,fecha de,2,0.020495486782664267,5.134277272557472
426,10867,fecha de entrada,3,0.020495486782664267,5.134277272557472
427,12809,la fecha de,3,0.020495486782664267,5.134277272557472
428,295,2011,1,0.02035970762728409,4.93360657709532
429,20052,se estará,2,0.020286793996999612,5.028916756899646
430,20053,se estará a,3,0.020286793996999612,5.028916756899646
431,20270,sea contrario,2,0.020286793996999612,5.028916756899646
432,20271,sea contrario a,3,0.020286793996999612,5.028916756899646
433,21251,tabla anterior,2,0.020286793996999612,5.028916756899646
434,21252,tabla anterior se,3,0.020286793996999612,5.028916756899646
435,21583,todo lo,2,0.020286793996999612,5.028916756899646
436,21584,todo lo que,3,0.020286793996999612,5.028916756899646
