configuration_id,configuration_label,class_weight,fit_scope,outer_fold,number_of_retained_features,mean_inner_cv_macro_f1,std_inner_cv_macro_f1,minimum_features_to_select,rfecv_step,selected_as_optimal,inner_cv_macro_f1_fold_1,inner_cv_macro_f1_fold_2,inner_cv_macro_f1_fold_3,inner_cv_macro_f1_fold_4,inner_cv_macro_f1_fold_5
C1,nested-RFECV unweighted,None,complete_training,,124,0.7239000897614801,0.046581180735882306,124,0.05,True,0.7001194743130227,0.7587235996326905,0.6938851895373634,0.6701801801801802,0.7965920051441432
C1,nested-RFECV unweighted,None,complete_training,,1177,0.7162337452332898,0.025364908166251626,124,0.05,False,0.7428387748542039,0.7306227598566307,0.7290065840894968,0.670729922150509,0.7079706852156082
C1,nested-RFECV unweighted,None,complete_training,,2350,0.714327821609512,0.024481451385566986,124,0.05,False,0.7264148332641484,0.7328982423859084,0.7374186574901286,0.6712036712036712,0.7037037037037036
C1,nested-RFECV unweighted,None,complete_training,,3523,0.6972225673256299,0.03894409527940835,124,0.05,False,0.7183195592286502,0.7365367243416023,0.7110472541507025,0.623732096915287,0.6964772019919079
C1,nested-RFECV unweighted,None,complete_training,,4696,0.6999227304532911,0.0370810786684497,124,0.05,False,0.7222603916180006,0.7481711525189786,0.6879247668721353,0.6375536375536376,0.7037037037037036
C1,nested-RFECV unweighted,None,complete_training,,5869,0.706137404551973,0.028104247293187428,124,0.05,False,0.7219801925684278,0.7361738083663217,0.7199597112640591,0.6560027519779842,0.6965705585830723
C1,nested-RFECV unweighted,None,complete_training,,7042,0.7024299225945738,0.020198031855472448,124,0.05,False,0.6802822550623137,0.727871182728046,0.7257568127133345,0.6877861319966584,0.6904532304725169
C1,nested-RFECV unweighted,None,complete_training,,8215,0.6831765072365573,0.045633183739832876,124,0.05,False,0.676608187134503,0.7623335314062009,0.6750539881574364,0.6196461291800275,0.6822407003046188
C1,nested-RFECV unweighted,None,complete_training,,9388,0.6895935826485065,0.027428404151191563,124,0.05,False,0.679426523297491,0.7298220211161387,0.6984940984940984,0.6456008359456635,0.6946244343891402
C1,nested-RFECV unweighted,None,complete_training,,10561,0.6953748912698405,0.030232405404511827,124,0.05,False,0.6874596495914869,0.7455039584071842,0.702547149189523,0.6516623416949453,0.6897013574660633
C1,nested-RFECV unweighted,None,complete_training,,11734,0.6922769656418791,0.044293282899512135,124,0.05,False,0.6497610513739547,0.7508803024932057,0.729565772669221,0.6359868709983126,0.6951908306747017
C1,nested-RFECV unweighted,None,complete_training,,12907,0.6913072369797402,0.020759340720235532,124,0.05,False,0.7133633633633633,0.7107538976982716,0.6938891405315143,0.6567807094495804,0.6817490738559712
C1,nested-RFECV unweighted,None,complete_training,,14080,0.690418478496315,0.023848847984782814,124,0.05,False,0.6972043010752689,0.7121693121693121,0.7168252452568518,0.6552661289777375,0.670627405002405
C1,nested-RFECV unweighted,None,complete_training,,15253,0.6976442393521232,0.03166897984546229,124,0.05,False,0.6954051962253165,0.7492063492063492,0.6939860753248177,0.6493664239629883,0.7002571520411444
C1,nested-RFECV unweighted,None,complete_training,,16426,0.6942409924018327,0.026851280599323925,124,0.05,False,0.70380991495361,0.7295252173300953,0.7078671393227723,0.6513479623824452,0.6786547280202404
C1,nested-RFECV unweighted,None,complete_training,,17599,0.6851968916074973,0.013924008219837792,124,0.05,False,0.6958628833044775,0.7055030345471524,0.6693068617206549,0.671448617111628,0.6838630613535738
C1,nested-RFECV unweighted,None,complete_training,,18772,0.6908615088466379,0.02482733274027742,124,0.05,False,0.683528900478053,0.7242044358727098,0.7009052069487202,0.6486928104575164,0.6969761904761905
C1,nested-RFECV unweighted,None,complete_training,,19945,0.6998198451582344,0.029133909772115496,124,0.05,False,0.6938709677419355,0.7523809523809524,0.7009052069487202,0.6635783856879192,0.6883637130316448
C1,nested-RFECV unweighted,None,complete_training,,21118,0.6739470601950166,0.02627492865955993,124,0.05,False,0.6670741023682201,0.7231428571428572,0.6552175664786463,0.6488222502421286,0.6754785247432306
C1,nested-RFECV unweighted,None,complete_training,,22291,0.6896234544342639,0.02275250969918932,124,0.05,False,0.7068720821661998,0.7177632207738739,0.6773148148148147,0.653078775369797,0.6930883790466335
C1,nested-RFECV unweighted,None,complete_training,,23464,0.6867342890981678,0.02453596299944635,124,0.05,False,0.676608187134503,0.7215065858703146,0.6978726198600821,0.6472308221534228,0.6904532304725169
C1,nested-RFECV unweighted,None,outer_training_fold,1,124,0.6802338739098388,0.05064584938342029,124,0.05,False,0.6953399717374872,0.6992618144793203,0.654040404040404,0.7521487970545294,0.6003783822374528
C1,nested-RFECV unweighted,None,outer_training_fold,1,1177,0.6859617172855763,0.02724503751380065,124,0.05,False,0.675680396883625,0.7231182795698925,0.711747670493545,0.6689485378009968,0.6503137016798219
C1,nested-RFECV unweighted,None,outer_training_fold,1,2350,0.6831971779611649,0.042290768948653516,124,0.05,False,0.6159722809887825,0.7321362360294508,0.7241851622804004,0.6785773366418528,0.6651148738653373
C1,nested-RFECV unweighted,None,outer_training_fold,1,3523,0.6956665995842063,0.029805799850611082,124,0.05,True,0.6699016022291885,0.7444444444444445,0.7162363658156538,0.6702712746191007,0.6774793108126441
C1,nested-RFECV unweighted,None,outer_training_fold,1,4696,0.6882915987861361,0.03525081033820641,124,0.05,False,0.70980570144157,0.7151043122506543,0.7110064538635967,0.6212121212121212,0.6843294051627385
C1,nested-RFECV unweighted,None,outer_training_fold,1,5869,0.687095469027538,0.041314169070176106,124,0.05,False,0.6508359456635319,0.7421826721048078,0.7283484742604239,0.6386391679887184,0.675471085120208
C1,nested-RFECV unweighted,None,outer_training_fold,1,7042,0.6894017110861508,0.051995683634810885,124,0.05,False,0.7000531632110579,0.7440482927749481,0.7421288515406163,0.6120461274738974,0.6487321204302336
C1,nested-RFECV unweighted,None,outer_training_fold,1,8215,0.6826406681586294,0.051515944309635256,124,0.05,False,0.6456591779867642,0.7337732750875237,0.7558480163010907,0.6314707092073565,0.6464521622104121
C1,nested-RFECV unweighted,None,outer_training_fold,1,9388,0.6901909557768457,0.050420287140006355,124,0.05,False,0.6540365250042669,0.7700811167704207,0.7227088577250389,0.6290780141843971,0.6750502652001055
C1,nested-RFECV unweighted,None,outer_training_fold,1,10561,0.6749509757525392,0.04158711571007365,124,0.05,False,0.6341054396813751,0.7350920168331134,0.7141975308641975,0.6383226419577096,0.6530372494263001
C1,nested-RFECV unweighted,None,outer_training_fold,1,11734,0.67348081904161,0.05614913242648235,124,0.05,False,0.6552104899930987,0.7251778872468528,0.7530864197530863,0.6129629629629629,0.6209663352520495
C1,nested-RFECV unweighted,None,outer_training_fold,1,12907,0.6799205458374239,0.03582632338003629,124,0.05,False,0.7276500638569604,0.7071357410260125,0.6830972072396021,0.6278735632183907,0.6538461538461539
C1,nested-RFECV unweighted,None,outer_training_fold,1,14080,0.6516690397284283,0.06872043051591517,124,0.05,False,0.5415873015873016,0.7348826037350626,0.7105401916398479,0.6528735632183909,0.6184615384615385
C1,nested-RFECV unweighted,None,outer_training_fold,1,15253,0.6546899536330877,0.03988865053363638,124,0.05,False,0.6148520847891917,0.6901234567901234,0.7029030324823204,0.6025462962962963,0.6630248978075065
C1,nested-RFECV unweighted,None,outer_training_fold,1,16426,0.6578231173716916,0.039091240826034594,124,0.05,False,0.6577803901079764,0.7027050384582144,0.6996978527532497,0.6219858156028369,0.6069464899361807
C1,nested-RFECV unweighted,None,outer_training_fold,1,17599,0.6808616790729135,0.05185312762031453,124,0.05,False,0.641938178780284,0.7536769249783711,0.7162363658156538,0.6076516076516075,0.6848053181386514
C1,nested-RFECV unweighted,None,outer_training_fold,1,18772,0.6592109411848674,0.04573720795425021,124,0.05,False,0.6040247353526884,0.7231757227446883,0.6916438940248463,0.6119466052050321,0.6652637485970819
C1,nested-RFECV unweighted,None,outer_training_fold,1,19945,0.6618104497509492,0.04627659721754716,124,0.05,False,0.6498015873015873,0.6886699507389163,0.7360421910583722,0.6037825059101655,0.6307560137457044
C1,nested-RFECV unweighted,None,outer_training_fold,1,21118,0.6737505318661765,0.03322610518772457,124,0.05,False,0.6536340852130326,0.726616756862598,0.6932253608438645,0.6306472395678462,0.6646292168435416
C1,nested-RFECV unweighted,None,outer_training_fold,1,22291,0.6597741040212386,0.040275177176924366,124,0.05,False,0.6195286195286195,0.7103625541125541,0.6973276947542151,0.6096127857100887,0.6620388660007148
C1,nested-RFECV unweighted,None,outer_training_fold,1,23464,0.6649598980524583,0.04887715875144077,124,0.05,False,0.6079277864992151,0.7264037472789028,0.7205467372134038,0.6386391679887184,0.6312820512820513
C1,nested-RFECV unweighted,None,outer_training_fold,2,124,0.6809736021364012,0.04598902723873503,124,0.05,False,0.6522249470749754,0.6542298970870399,0.771034461571546,0.6509458594434337,0.6764328455050105
C1,nested-RFECV unweighted,None,outer_training_fold,2,1177,0.6915400307284425,0.04753550091185464,124,0.05,True,0.6452254641909815,0.6676351395823342,0.7764944275582574,0.6591143530798703,0.7092307692307692
C1,nested-RFECV unweighted,None,outer_training_fold,2,2350,0.6739127311385595,0.03611737275278237,124,0.05,False,0.6436420722135008,0.7175236144304087,0.7187464387464387,0.6458097928436911,0.6438417374587587
C1,nested-RFECV unweighted,None,outer_training_fold,2,3523,0.6773926460802702,0.042478005817186824,124,0.05,False,0.6351869629134957,0.6395173453996983,0.7462544773541336,0.6606285738135983,0.7053758709204253
C1,nested-RFECV unweighted,None,outer_training_fold,2,4696,0.6862417187023815,0.027444067774850707,124,0.05,False,0.6824521072796935,0.6926910831672736,0.7310921177587844,0.6793650793650793,0.6456082059410769
C1,nested-RFECV unweighted,None,outer_training_fold,2,5869,0.6713475836644678,0.026076565441625725,124,0.05,False,0.6434277414669571,0.690350214159738,0.6906686777275013,0.6358810285578861,0.6964102564102563
C1,nested-RFECV unweighted,None,outer_training_fold,2,7042,0.6679713533712087,0.03364621374847955,124,0.05,False,0.6249345892203034,0.7167919799498746,0.6860701847137006,0.6358810285578861,0.6761789844142786
C1,nested-RFECV unweighted,None,outer_training_fold,2,8215,0.6628520546696358,0.02356500809240658,124,0.05,False,0.6333074333074333,0.6870563124688537,0.6933333333333334,0.6442534908700323,0.6563097033685269
C1,nested-RFECV unweighted,None,outer_training_fold,2,9388,0.6757295015256656,0.034669073456829395,124,0.05,False,0.655379188712522,0.6891133557800223,0.7313753745511105,0.6275659133709981,0.6752136752136751
C1,nested-RFECV unweighted,None,outer_training_fold,2,10561,0.6572885070304423,0.02867997499723069,124,0.05,False,0.6189521422604128,0.6460532931121166,0.698660747317795,0.6417473884140551,0.6810289640478319
C1,nested-RFECV unweighted,None,outer_training_fold,2,11734,0.6820682027556405,0.02809346765720704,124,0.05,False,0.6376869907600339,0.701459034792368,0.7135007849293563,0.661645937836414,0.6960482654600302
C1,nested-RFECV unweighted,None,outer_training_fold,2,12907,0.649732181341519,0.04102262045399253,124,0.05,False,0.5955358243926502,0.6568662671782418,0.7211783400562278,0.6340548340548341,0.641025641025641
C1,nested-RFECV unweighted,None,outer_training_fold,2,14080,0.66772919945422,0.017032720799619833,124,0.05,False,0.6502656071122351,0.6971529352481735,0.6572475143903715,0.6578009561060408,0.6761789844142786
C1,nested-RFECV unweighted,None,outer_training_fold,2,15253,0.6528579186951696,0.030151260127885913,124,0.05,False,0.6230022404779687,0.6875,0.6894187850578829,0.6436420722135008,0.6207264957264957
C1,nested-RFECV unweighted,None,outer_training_fold,2,16426,0.6271291465334785,0.03833658334329893,124,0.05,False,0.5801180118011801,0.6601983672430407,0.6832856618995233,0.6063806380638064,0.6056630536598421
C1,nested-RFECV unweighted,None,outer_training_fold,2,17599,0.6665725609927838,0.025660267048573392,124,0.05,False,0.6592546005124621,0.6969569926283059,0.6894187850578829,0.6243867756843228,0.6628456510809452
C1,nested-RFECV unweighted,None,outer_training_fold,2,18772,0.6628875470177625,0.03680338563725702,124,0.05,False,0.6417473884140551,0.6684486589248495,0.7323141355123081,0.6394839772181432,0.6324435750194569
C1,nested-RFECV unweighted,None,outer_training_fold,2,19945,0.6504888871604315,0.028949821111205025,124,0.05,False,0.6063806380638064,0.6550807217473885,0.6878787878787879,0.6312596279179997,0.6718446601941749
C1,nested-RFECV unweighted,None,outer_training_fold,2,21118,0.6745687362049093,0.03311909963995574,124,0.05,False,0.6385400313971742,0.6695512240818807,0.731563088512241,0.6467754467754468,0.686413890257804
C1,nested-RFECV unweighted,None,outer_training_fold,2,22291,0.6502816774821258,0.044288786781331795,124,0.05,False,0.5899533899167532,0.6891133557800223,0.7073684210526316,0.6128925228107596,0.6520806978504621
C1,nested-RFECV unweighted,None,outer_training_fold,2,23464,0.6272914218689521,0.05451067304479898,124,0.05,False,0.5379724869060389,0.63,0.6928146869907007,0.6035113035113034,0.672158631936718
C1,nested-RFECV unweighted,None,outer_training_fold,3,124,0.7037620614316495,0.03494942332012549,124,0.05,False,0.6990507222765286,0.6378234679451719,0.7208006535947712,0.728352490421456,0.7327829729203196
C1,nested-RFECV unweighted,None,outer_training_fold,3,1177,0.6930925905342421,0.04711417389537595,124,0.05,False,0.6899521531100478,0.6814625319772883,0.7235199604498826,0.6148893974065598,0.7556389097274318
C1,nested-RFECV unweighted,None,outer_training_fold,3,2350,0.7094016308970281,0.039371835154924775,124,0.05,False,0.7311465840461597,0.6848484848484849,0.7445933255457065,0.6436507936507937,0.7427689663939959
C1,nested-RFECV unweighted,None,outer_training_fold,3,3523,0.7069478719512448,0.040508772691816075,124,0.05,False,0.6910609857978279,0.7075987841945288,0.7254569148220803,0.6436507936507937,0.7669718812909929
C1,nested-RFECV unweighted,None,outer_training_fold,3,4696,0.7155421878179313,0.05269245642926499,124,0.05,True,0.7235632183908045,0.6535529486116048,0.7549682721504026,0.6583333333333333,0.7872931666035115
C1,nested-RFECV unweighted,None,outer_training_fold,3,5869,0.6924952868513186,0.03901926483146162,124,0.05,False,0.6941440264716127,0.6927361507216316,0.7377695034460711,0.6217552856078253,0.7160714680094525
C1,nested-RFECV unweighted,None,outer_training_fold,3,7042,0.7078235686106147,0.03692059804604053,124,0.05,False,0.7172533964986796,0.7108470099981136,0.725669392336059,0.6381758615641674,0.7471721826560537
C1,nested-RFECV unweighted,None,outer_training_fold,3,8215,0.7027622138881136,0.03678600575234153,124,0.05,False,0.7103182264783995,0.6919826447840031,0.7255991416347228,0.6387388738873888,0.7471721826560537
C1,nested-RFECV unweighted,None,outer_training_fold,3,9388,0.6891503874835123,0.04478563577382678,124,0.05,False,0.6920961637942771,0.6568509396095603,0.7445933255457065,0.6233677715597646,0.728843736908253
C1,nested-RFECV unweighted,None,outer_training_fold,3,10561,0.6950095313563318,0.05376175737892504,124,0.05,False,0.7163515016685206,0.6752090056666583,0.7549682721504026,0.6005495286370742,0.7279693486590038
C1,nested-RFECV unweighted,None,outer_training_fold,3,11734,0.6953933326254078,0.04694181006820494,124,0.05,False,0.6819476056589459,0.7022488755622188,0.7323297670557573,0.6132682321940633,0.7471721826560537
C1,nested-RFECV unweighted,None,outer_training_fold,3,12907,0.6970168466227399,0.04583248007386377,124,0.05,False,0.6853621570602703,0.7330692322203358,0.7148878893694884,0.6132135952225908,0.7385513592410144
C1,nested-RFECV unweighted,None,outer_training_fold,3,14080,0.6889343138335133,0.06390702319021606,124,0.05,False,0.6745787545787545,0.6991511035653651,0.7748015873015873,0.5795240541003253,0.7166160696215341
C1,nested-RFECV unweighted,None,outer_training_fold,3,15253,0.6797255617632195,0.05869155373482828,124,0.05,False,0.7043650793650794,0.6696048632218844,0.7345679012345679,0.5705440070765148,0.7195459579180509
C1,nested-RFECV unweighted,None,outer_training_fold,3,16426,0.6762891868167966,0.04453758311003205,124,0.05,False,0.6919254658385093,0.6604258008452818,0.7152014652014652,0.5971159874608151,0.7167772147379119
C1,nested-RFECV unweighted,None,outer_training_fold,3,17599,0.6819866684598097,0.056145736482436655,124,0.05,False,0.6983726655857804,0.6522204999195317,0.7534519168291097,0.5904422375010611,0.7154460224635663
C1,nested-RFECV unweighted,None,outer_training_fold,3,18772,0.6897468242488308,0.05317071922901736,124,0.05,False,0.7096774193548386,0.6731182795698926,0.7424661066902446,0.5942329275662609,0.7292393880629175
C1,nested-RFECV unweighted,None,outer_training_fold,3,19945,0.6696417115664974,0.05440216281677154,124,0.05,False,0.6793650793650793,0.6293463286245965,0.6783962840728517,0.6006596578025148,0.7604412079674449
C1,nested-RFECV unweighted,None,outer_training_fold,3,21118,0.6925200594105169,0.06323431031156751,124,0.05,False,0.701975620008407,0.6581396745331172,0.7451412695211848,0.5904422375010611,0.7669014954888148
C1,nested-RFECV unweighted,None,outer_training_fold,3,22291,0.6722110355513042,0.048108727774599416,124,0.05,False,0.6675318254851069,0.6392217101894522,0.7235949235949235,0.6031934909738114,0.7275132275132276
C1,nested-RFECV unweighted,None,outer_training_fold,3,23464,0.689762790828137,0.029375038712291336,124,0.05,False,0.692997300979805,0.6560615133605838,0.7285772178013556,0.6570685745562593,0.7141093474426808
C1,nested-RFECV unweighted,None,outer_training_fold,4,124,0.6985149360879792,0.057366006967623714,124,0.05,False,0.709986253543058,0.59385761473048,0.7009037745879851,0.7688311688311688,0.7189958687472041
C1,nested-RFECV unweighted,None,outer_training_fold,4,1177,0.7115067130511822,0.04338123415011996,124,0.05,False,0.7048374905517761,0.6517857142857143,0.7356890714902349,0.7791028097062579,0.6861184792219275
C1,nested-RFECV unweighted,None,outer_training_fold,4,2350,0.6991257128614145,0.05153401267716372,124,0.05,False,0.7029990627928773,0.6465015210777924,0.7201603912683856,0.7825104562280659,0.6434571329399513
C1,nested-RFECV unweighted,None,outer_training_fold,4,3523,0.70858395594867,0.04953654841850829,124,0.05,False,0.7116402116402116,0.6304899049478637,0.7539603595638078,0.7662072303688188,0.680622073222648
C1,nested-RFECV unweighted,None,outer_training_fold,4,4696,0.712884216358689,0.03409865742784173,124,0.05,True,0.7165312096583575,0.6723475355054301,0.7356890714902349,0.7619850233343995,0.6778682418050234
C1,nested-RFECV unweighted,None,outer_training_fold,4,5869,0.701327496712079,0.05065110395558852,124,0.05,False,0.7171831695641219,0.606192897141173,0.7200759395228619,0.7574983694593381,0.7056871078729002
C1,nested-RFECV unweighted,None,outer_training_fold,4,7042,0.689578302228705,0.05423670034193882,124,0.05,False,0.6952248200146575,0.6236714975845411,0.7634048980472543,0.7317344961240311,0.6338557993730408
C1,nested-RFECV unweighted,None,outer_training_fold,4,8215,0.6960729809121806,0.0511445334129894,124,0.05,False,0.7362357325879337,0.6162575013638844,0.7137610083893318,0.7547059803431617,0.659404681876592
C1,nested-RFECV unweighted,None,outer_training_fold,4,9388,0.6907044309212452,0.042807303508287334,124,0.05,False,0.7014524577414853,0.6136200716845878,0.7440261865793781,0.7066167290886392,0.6878067095121358
C1,nested-RFECV unweighted,None,outer_training_fold,4,10561,0.6725448342938116,0.04257394661597039,124,0.05,False,0.7165312096583575,0.5939199175582042,0.6892397660818713,0.6974276194615179,0.665605658709107
C1,nested-RFECV unweighted,None,outer_training_fold,4,11734,0.6763555293835325,0.04747040485598921,124,0.05,False,0.7033411033411033,0.6054029304029304,0.7087765044946134,0.7289629910319566,0.6352941176470589
C1,nested-RFECV unweighted,None,outer_training_fold,4,12907,0.6853996933489719,0.05432594657296445,124,0.05,False,0.7062965253441446,0.6164251207729469,0.7478373478373479,0.7309492767119886,0.6254901960784315
C1,nested-RFECV unweighted,None,outer_training_fold,4,14080,0.6893602399015946,0.03330561574969259,124,0.05,False,0.7151202749140894,0.650932400932401,0.6988049450549451,0.7316635903955148,0.6502799882110227
C1,nested-RFECV unweighted,None,outer_training_fold,4,15253,0.6803238779763577,0.055967340765909965,124,0.05,False,0.7062965253441446,0.6035113035113034,0.7440261865793781,0.7236232693859813,0.6241621050609815
C1,nested-RFECV unweighted,None,outer_training_fold,4,16426,0.6769475659769839,0.043413861519226965,124,0.05,False,0.6602434602434603,0.6273686124749954,0.717591650960239,0.7382752840379959,0.6412588221682287
C1,nested-RFECV unweighted,None,outer_training_fold,4,17599,0.6907361991837956,0.0594850720563562,124,0.05,False,0.7335120207927225,0.6057620282339383,0.7454058330636171,0.7372994821270683,0.6317016317016318
C1,nested-RFECV unweighted,None,outer_training_fold,4,18772,0.680096675294788,0.04667176096631034,124,0.05,False,0.6844858844858845,0.6040935672514619,0.7346531448915741,0.720039100684262,0.6572116791607573
C1,nested-RFECV unweighted,None,outer_training_fold,4,19945,0.6726965573875885,0.04977866868285371,124,0.05,False,0.6929430369473777,0.6309178743961352,0.7476597476597476,0.6859015218740757,0.6060606060606061
C1,nested-RFECV unweighted,None,outer_training_fold,4,21118,0.685862847954075,0.05992312422707876,124,0.05,False,0.6713323713323712,0.6058431101909362,0.7674174863540029,0.7403398468664785,0.6443814250265864
C1,nested-RFECV unweighted,None,outer_training_fold,4,22291,0.6718611545972681,0.04132366306824097,124,0.05,False,0.6510562119584676,0.6256410256410257,0.7141610131162369,0.7282358820589705,0.6402116402116402
C1,nested-RFECV unweighted,None,outer_training_fold,4,23464,0.6794788443303114,0.04423675920880866,124,0.05,False,0.7081930415263749,0.6243727598566308,0.7224257224257223,0.7155961710363021,0.6268065268065268
C1,nested-RFECV unweighted,None,outer_training_fold,5,124,0.6336222969690332,0.013807068354477644,124,0.05,False,0.6382578472901054,0.6342555994729907,0.6133671859548417,0.6268199233716475,0.6554109287555807
C1,nested-RFECV unweighted,None,outer_training_fold,5,1177,0.6518677193885316,0.03149696214499421,124,0.05,False,0.6597204751921734,0.6698263935377337,0.5902097902097901,0.6779127725856697,0.6616691654172914
C1,nested-RFECV unweighted,None,outer_training_fold,5,2350,0.6586235197687482,0.03690663739610107,124,0.05,False,0.6840958605664488,0.6606516290726817,0.5867186718671867,0.68,0.6816514373374242
C1,nested-RFECV unweighted,None,outer_training_fold,5,3523,0.665155593693431,0.04720201555947686,124,0.05,False,0.7111301044634377,0.6551664575719559,0.5787301587301588,0.6807512477016022,0.7000000000000001
C1,nested-RFECV unweighted,None,outer_training_fold,5,4696,0.6661940770829078,0.018502719841987782,124,0.05,True,0.6782302664655605,0.6679170127445989,0.6341569652332305,0.6889436529328713,0.6617224880382775
C1,nested-RFECV unweighted,None,outer_training_fold,5,5869,0.6408365932008563,0.02646014425491857,124,0.05,False,0.6668536497662712,0.6238198983297022,0.596959096209471,0.6576430976430977,0.6589072240557389
C1,nested-RFECV unweighted,None,outer_training_fold,5,7042,0.6506405819397733,0.03490339154521334,124,0.05,False,0.6648148148148149,0.6292670292670293,0.6198412698412699,0.713015873015873,0.6262639227598796
C1,nested-RFECV unweighted,None,outer_training_fold,5,8215,0.6605536809429422,0.04349467908720883,124,0.05,False,0.72038205271906,0.6520763187429854,0.5911907404801734,0.689982715064486,0.6491365777080063
C1,nested-RFECV unweighted,None,outer_training_fold,5,9388,0.6516936562234068,0.0370921635825422,124,0.05,False,0.6853913253729123,0.6780045351473923,0.5835150609907891,0.6693737534902273,0.6421836061157136
C1,nested-RFECV unweighted,None,outer_training_fold,5,10561,0.6364873774205511,0.04182077508510136,124,0.05,False,0.6666666666666666,0.652145473574045,0.5891346958827746,0.6889436529328713,0.5855463980463981
C1,nested-RFECV unweighted,None,outer_training_fold,5,11734,0.6496538162279738,0.03453666739140025,124,0.05,False,0.6699999999999999,0.630389363722697,0.5993939393939394,0.7011084843708958,0.6473772936523373
C1,nested-RFECV unweighted,None,outer_training_fold,5,12907,0.6308059346782793,0.04499533883674419,124,0.05,False,0.6558666201523344,0.6182452468166754,0.5558755875587559,0.6918016614745586,0.6322405573890723
C1,nested-RFECV unweighted,None,outer_training_fold,5,14080,0.6615127714577235,0.04575042804252563,124,0.05,False,0.733040293040293,0.6148520847891917,0.6131746031746032,0.689982715064486,0.6565141612200436
C1,nested-RFECV unweighted,None,outer_training_fold,5,15253,0.650201855283498,0.03862804291992709,124,0.05,False,0.6840958605664488,0.6159722809887825,0.6221500721500722,0.7088384032858427,0.6199526594263437
C1,nested-RFECV unweighted,None,outer_training_fold,5,16426,0.626683095460598,0.04754964637331979,124,0.05,False,0.6679970972423804,0.6420151334129829,0.558861149272822,0.6807512477016022,0.5837908496732026
C1,nested-RFECV unweighted,None,outer_training_fold,5,17599,0.640411475700003,0.046814111529319254,124,0.05,False,0.7002006179618973,0.6291736011207958,0.5654618093388286,0.6790162218733649,0.6282051282051282
C1,nested-RFECV unweighted,None,outer_training_fold,5,18772,0.6600127157531666,0.05607369835017338,124,0.05,False,0.7409926933736456,0.6334379905808477,0.5993874864924383,0.7119210799584632,0.6143243283604379
C1,nested-RFECV unweighted,None,outer_training_fold,5,19945,0.6399887494632891,0.05936385003636396,124,0.05,False,0.7208242520309094,0.630389363722697,0.5448717948717948,0.6807512477016022,0.6231070889894419
C1,nested-RFECV unweighted,None,outer_training_fold,5,21118,0.6392468025569344,0.019362270320070072,124,0.05,False,0.6383442265795207,0.6246315944591806,0.6148938109561571,0.6708475457729782,0.6475168350168351
C1,nested-RFECV unweighted,None,outer_training_fold,5,22291,0.6529534725999689,0.04248205203176098,124,0.05,False,0.7320569464899362,0.6414207531046019,0.6173165994322426,0.6576430976430977,0.6163299663299663
C1,nested-RFECV unweighted,None,outer_training_fold,5,23464,0.6348222871767873,0.0535858686249071,124,0.05,False,0.6790162218733649,0.6252666906388589,0.5626332288401253,0.7101508295625942,0.5970444649689933
C2,nested-RFECV balanced,balanced,complete_training,,124,0.7131552045674793,0.03261674560708427,124,0.05,False,0.6848535799355471,0.7192398119122257,0.7270202334953675,0.6712110340428925,0.7634513634513636
C2,nested-RFECV balanced,balanced,complete_training,,1177,0.728465949663082,0.04191103861924969,124,0.05,False,0.7588516746411483,0.7747199660243139,0.7131778570696968,0.6553389103389103,0.7402413402413403
C2,nested-RFECV balanced,balanced,complete_training,,2350,0.7321527750644611,0.03826082252183876,124,0.05,False,0.7260209211428723,0.7685971685971685,0.714059785688046,0.6733569283569284,0.7787290715372907
C2,nested-RFECV balanced,balanced,complete_training,,3523,0.7432593390511589,0.03879119106873347,124,0.05,True,0.7507343018178932,0.8006044977926737,0.7133884939792113,0.6892029644323222,0.7623664372336939
C2,nested-RFECV balanced,balanced,complete_training,,4696,0.7314668236151619,0.05089470258313785,124,0.05,False,0.7390763060316692,0.799539763458835,0.6759259259259259,0.6715367965367965,0.7712553261225827
C2,nested-RFECV balanced,balanced,complete_training,,5869,0.7072448408076615,0.035815345264369094,124,0.05,False,0.7212804989910109,0.75709366481586,0.6782727820702504,0.6560027519779842,0.7235745061832017
C2,nested-RFECV balanced,balanced,complete_training,,7042,0.7170554122016469,0.034943619220843415,124,0.05,False,0.726803432555645,0.730491423114961,0.7314065119972293,0.6486928104575164,0.747882882882883
C2,nested-RFECV balanced,balanced,complete_training,,8215,0.72105829582058,0.03023813690735627,124,0.05,False,0.75152276459466,0.7548430417995635,0.7072156544730385,0.6730492898913951,0.7186607283442429
C2,nested-RFECV balanced,balanced,complete_training,,9388,0.7121879695670446,0.034120225578805195,124,0.05,False,0.7203984287317621,0.7565315315315315,0.7143227143227144,0.651026444904972,0.7186607283442429
C2,nested-RFECV balanced,balanced,complete_training,,10561,0.7160091098675285,0.03997841457126495,124,0.05,False,0.6906445862802598,0.7751116828338781,0.6988750546089996,0.6663339765342561,0.7490802490802491
C2,nested-RFECV balanced,balanced,complete_training,,11734,0.7145274507410836,0.051373059340755055,124,0.05,False,0.7232456140350877,0.7838441890166029,0.7062808863382752,0.6257262894431036,0.7335402748723485
C2,nested-RFECV balanced,balanced,complete_training,,12907,0.7034209025547884,0.05091208676955276,124,0.05,False,0.7253336035944731,0.7774770258980785,0.6478609625668449,0.6438948306595366,0.7225380900550084
C2,nested-RFECV balanced,balanced,complete_training,,14080,0.7004835915036736,0.048660610600781085,124,0.05,False,0.7085654976510435,0.7758811443021969,0.6828501303880964,0.6250730633642027,0.7100481218128277
C2,nested-RFECV balanced,balanced,complete_training,,15253,0.7040409856053363,0.04189061754670902,124,0.05,False,0.726803432555645,0.768837803320562,0.6870825253178193,0.643466718948239,0.6940144478844169
C2,nested-RFECV balanced,balanced,complete_training,,16426,0.7100878311521504,0.060126193973226286,124,0.05,False,0.7436974789915967,0.7848901533112059,0.6558422241153165,0.6240927796483352,0.7419165196942975
C2,nested-RFECV balanced,balanced,complete_training,,17599,0.703970605008654,0.028196316955678553,124,0.05,False,0.7173412484259759,0.7458340327905546,0.6791299235743681,0.6668091402268618,0.7107386800255098
C2,nested-RFECV balanced,balanced,complete_training,,18772,0.6971646819824062,0.03907473766687011,124,0.05,False,0.6950729184017175,0.7379141801648196,0.7209901490275322,0.6243926680997619,0.7074534942182001
C2,nested-RFECV balanced,balanced,complete_training,,19945,0.690871675763664,0.0446028378399672,124,0.05,False,0.6707648825295883,0.7695887445887446,0.6558944931037954,0.6486928104575164,0.7094174481386757
C2,nested-RFECV balanced,balanced,complete_training,,21118,0.698943807759282,0.03868983614464413,124,0.05,False,0.6908636747346425,0.770852734102616,0.6735294117647058,0.6589446589446589,0.7005285592497869
C2,nested-RFECV balanced,balanced,complete_training,,22291,0.7010600309767478,0.03516686637504515,124,0.05,False,0.6898488754742291,0.7449042368355226,0.6692108285028638,0.6611658339924867,0.740170380078637
C2,nested-RFECV balanced,balanced,complete_training,,23464,0.6891203958679866,0.04007451356789686,124,0.05,False,0.6971526659633928,0.7515169046192414,0.6670454345260118,0.6301897695490374,0.6996972046822495
C2,nested-RFECV balanced,balanced,outer_training_fold,1,124,0.6921775656180762,0.03843537910693394,124,0.05,False,0.7120924965730974,0.7217919372582419,0.665107709750567,0.7315827407064862,0.6303129438019882
C2,nested-RFECV balanced,balanced,outer_training_fold,1,1177,0.7073733958947472,0.04192037930462963,124,0.05,False,0.7044864664441972,0.7738552615682011,0.7297113752122241,0.6735502382268551,0.6552636380222587
C2,nested-RFECV balanced,balanced,outer_training_fold,1,2350,0.709245556862488,0.0254544990481495,124,0.05,True,0.7146892655367232,0.7535533308614509,0.7091860857818304,0.6819304152637485,0.6868686868686869
C2,nested-RFECV balanced,balanced,outer_training_fold,1,3523,0.6961420281277821,0.04696353501824053,124,0.05,False,0.7291156334401104,0.7174329501915708,0.7508342602892103,0.6249262932189762,0.6584010034990427
C2,nested-RFECV balanced,balanced,outer_training_fold,1,4696,0.7002106855485841,0.044763433109005255,124,0.05,False,0.7018849206349206,0.7541826309067688,0.7452798663324979,0.6497352776422544,0.6499707322264794
C2,nested-RFECV balanced,balanced,outer_training_fold,1,5869,0.6833508623224731,0.045460414379468746,124,0.05,False,0.7185390097524381,0.715864068690555,0.7266576513888342,0.6271221532091097,0.6285714285714286
C2,nested-RFECV balanced,balanced,outer_training_fold,1,7042,0.6827035597244524,0.04777939676895304,124,0.05,False,0.6604406130268199,0.7541533195151059,0.7055768412090252,0.6099711202310382,0.6833759046402724
C2,nested-RFECV balanced,balanced,outer_training_fold,1,8215,0.6921072204948502,0.043847643750571326,124,0.05,False,0.6844645550527902,0.762962962962963,0.707033788174139,0.6279532569709592,0.6781215393133998
C2,nested-RFECV balanced,balanced,outer_training_fold,1,9388,0.6871784360136681,0.049805972724798836,124,0.05,False,0.7239328771586836,0.7241630550844796,0.7170129264450956,0.5939755612389883,0.6768077601410935
C2,nested-RFECV balanced,balanced,outer_training_fold,1,10561,0.683877322924737,0.03635692226584734,124,0.05,False,0.6934312943315194,0.7174329501915708,0.7159049632167912,0.6185301288749565,0.6740872780088466
C2,nested-RFECV balanced,balanced,outer_training_fold,1,11734,0.6771379366775673,0.032247639754066644,124,0.05,False,0.6698070171151137,0.715864068690555,0.7072082835523696,0.6257549461992364,0.6670553678305616
C2,nested-RFECV balanced,balanced,outer_training_fold,1,12907,0.653255515852403,0.05091482531181508,124,0.05,False,0.6877067862657157,0.6563334494368976,0.7156219809182905,0.5653202810359527,0.6412950816051591
C2,nested-RFECV balanced,balanced,outer_training_fold,1,14080,0.6961174502721619,0.0384941701696887,124,0.05,False,0.7045381136950905,0.7367303870346467,0.7340136145280995,0.6372549019607843,0.6680502341421882
C2,nested-RFECV balanced,balanced,outer_training_fold,1,15253,0.6656026182209491,0.0488676856105554,124,0.05,False,0.7257936507936508,0.6893632548804963,0.6974540825604656,0.6036373969877806,0.611764705882353
C2,nested-RFECV balanced,balanced,outer_training_fold,1,16426,0.6678299407750998,0.03838180121851199,124,0.05,False,0.6699981560022129,0.7068475452196382,0.7055768412090252,0.602881007598469,0.6538461538461539
C2,nested-RFECV balanced,balanced,outer_training_fold,1,17599,0.6602967199223009,0.04896033020500575,124,0.05,False,0.6405584080002685,0.7174329501915708,0.7159049632167912,0.5924152606779146,0.6351720175249588
C2,nested-RFECV balanced,balanced,outer_training_fold,1,18772,0.6784924154588491,0.029505723782280398,124,0.05,False,0.6879423033581249,0.7174329501915708,0.698559297349376,0.6450980392156863,0.6434294871794872
C2,nested-RFECV balanced,balanced,outer_training_fold,1,19945,0.6835619549310142,0.029827791849050482,124,0.05,False,0.6778412932571148,0.7257550878240533,0.7085789558907839,0.6450980392156863,0.660536398467433
C2,nested-RFECV balanced,balanced,outer_training_fold,1,21118,0.6661640785450531,0.04185977888231869,124,0.05,False,0.6607604282022886,0.6993534482758621,0.7226147806792967,0.602881007598469,0.6452107279693488
C2,nested-RFECV balanced,balanced,outer_training_fold,1,22291,0.6720117956738452,0.05108034330149064,124,0.05,False,0.6600646893994196,0.7367303870346467,0.7243578306914613,0.6044559685009123,0.6344501027427857
C2,nested-RFECV balanced,balanced,outer_training_fold,1,23464,0.6759727818073182,0.045956105243273704,124,0.05,False,0.6967861757105943,0.720154940844596,0.7170710940825883,0.602219182246542,0.6436325161522704
C2,nested-RFECV balanced,balanced,outer_training_fold,2,124,0.6788367087434619,0.04277617211178032,124,0.05,False,0.6137100013388673,0.676934291367281,0.7365312590031691,0.7111777111777112,0.6558302808302808
C2,nested-RFECV balanced,balanced,outer_training_fold,2,1177,0.7058870105130606,0.04840844736718759,124,0.05,False,0.7022532436227965,0.6854627397547427,0.7946220446220447,0.6478476312590989,0.6992493933066201
C2,nested-RFECV balanced,balanced,outer_training_fold,2,2350,0.7079495067506926,0.03989321139666286,124,0.05,False,0.6876776665430725,0.6991718426501036,0.7845785440613028,0.699414761483727,0.6689047190152569
C2,nested-RFECV balanced,balanced,outer_training_fold,2,3523,0.7024984792726965,0.03845640619327978,124,0.05,False,0.6976233687667445,0.6983726655857804,0.7682001614205004,0.7008827952823152,0.6474134053081422
C2,nested-RFECV balanced,balanced,outer_training_fold,2,4696,0.6935267890455603,0.04672861751896735,124,0.05,False,0.6700083542188805,0.6977072310405643,0.7806929868399134,0.6745951241503677,0.6446302489780752
C2,nested-RFECV balanced,balanced,outer_training_fold,2,5869,0.7055103402839678,0.03721413024327243,124,0.05,False,0.6673609483888324,0.6871252204585537,0.7597330367074527,0.7397441534241986,0.6735883424408015
C2,nested-RFECV balanced,balanced,outer_training_fold,2,7042,0.7071633523051185,0.029556123050691732,124,0.05,False,0.6754850088183422,0.7004339813328576,0.7524981443582054,0.6788021771072619,0.7285974499089253
C2,nested-RFECV balanced,balanced,outer_training_fold,2,8215,0.6966907773040161,0.048263635677985646,124,0.05,False,0.6523478284451315,0.6877869243460641,0.7875810973987433,0.6600961538461539,0.6956418824839877
C2,nested-RFECV balanced,balanced,outer_training_fold,2,9388,0.7029300905548403,0.04943719043308715,124,0.05,False,0.6668998530485819,0.6977641235705753,0.7994053974834077,0.6807649950077348,0.6698160836639019
C2,nested-RFECV balanced,balanced,outer_training_fold,2,10561,0.7005678946803344,0.027613210397160123,124,0.05,False,0.7125239463601533,0.6903567161631677,0.7481481481481481,0.6693912303107705,0.6824194324194325
C2,nested-RFECV balanced,balanced,outer_training_fold,2,11734,0.6928852612705221,0.0533107206632934,124,0.05,False,0.6116969173148948,0.6958853602949588,0.7750244379276637,0.7115854771027185,0.6702341137123745
C2,nested-RFECV balanced,balanced,outer_training_fold,2,12907,0.6948538338962447,0.03878282794521605,124,0.05,False,0.6470551570924212,0.6763562359516433,0.7637046831661568,0.7022356953391435,0.6849173979318585
C2,nested-RFECV balanced,balanced,outer_training_fold,2,14080,0.7146838292111088,0.028235552578841885,124,0.05,True,0.6813926066717704,0.7018691902412834,0.7666035114310977,0.7110159919148682,0.7125378457965245
C2,nested-RFECV balanced,balanced,outer_training_fold,2,15253,0.7050528251290931,0.03896409696249609,124,0.05,False,0.6526887464387464,0.7079246180369775,0.7731581043409,0.6995679452319985,0.6919247115968427
C2,nested-RFECV balanced,balanced,outer_training_fold,2,16426,0.6715558312046828,0.06118787141677996,124,0.05,False,0.5720322221023483,0.6871252204585537,0.7606099803771459,0.6512748588484913,0.6867368742368742
C2,nested-RFECV balanced,balanced,outer_training_fold,2,17599,0.6843529054856831,0.02677740446823155,124,0.05,False,0.6614219114219114,0.7283549783549783,0.6904659498207885,0.6896853843090401,0.6518363035216967
C2,nested-RFECV balanced,balanced,outer_training_fold,2,18772,0.6519594321352474,0.034866480357171166,124,0.05,False,0.6164217804667244,0.6315412186379928,0.7147610940869368,0.6632172681115422,0.6338557993730408
C2,nested-RFECV balanced,balanced,outer_training_fold,2,19945,0.6805905279981949,0.034550302586430215,124,0.05,False,0.6372022869970887,0.6665471923536439,0.742674809579359,0.6816978659515565,0.6748304851093261
C2,nested-RFECV balanced,balanced,outer_training_fold,2,21118,0.661883066386166,0.052148516289068955,124,0.05,False,0.6183421516754849,0.6544566544566545,0.7604990289915383,0.6182336182336182,0.6578838785735338
C2,nested-RFECV balanced,balanced,outer_training_fold,2,22291,0.6668184448964019,0.029332304275238287,124,0.05,False,0.611584249084249,0.664494301994302,0.6924731182795699,0.6890399723733057,0.6765005827505828
C2,nested-RFECV balanced,balanced,outer_training_fold,2,23464,0.6906350519253744,0.025352350808304634,124,0.05,False,0.6755419013483529,0.7051146384479718,0.7220458553791888,0.7008818342151676,0.6495910302361915
C2,nested-RFECV balanced,balanced,outer_training_fold,3,124,0.7095488761630862,0.03259891547384233,124,0.05,False,0.7270985719261582,0.7165635515033105,0.6715644161444647,0.6748863429714493,0.7576314982700477
C2,nested-RFECV balanced,balanced,outer_training_fold,3,1177,0.7293406259032634,0.04319135934536398,124,0.05,False,0.7123006293463439,0.7349077300296812,0.7903123233465235,0.6595162872264935,0.7496661595672752
C2,nested-RFECV balanced,balanced,outer_training_fold,3,2350,0.7387470434681387,0.03910865724770211,124,0.05,True,0.7223419540229884,0.7313764394646748,0.7858069133931203,0.6779202279202279,0.7762896825396824
C2,nested-RFECV balanced,balanced,outer_training_fold,3,3523,0.7142904051790379,0.06016524530427153,124,0.05,False,0.7116351018019148,0.6969829453700421,0.8001498491383674,0.617117246668584,0.7455668829162806
C2,nested-RFECV balanced,balanced,outer_training_fold,3,4696,0.712758611966477,0.0416291678675049,124,0.05,False,0.6847943722943723,0.6856777960226236,0.7753392241900072,0.6689605734767025,0.74902109384868
C2,nested-RFECV balanced,balanced,outer_training_fold,3,5869,0.7133880703314658,0.06307645133328561,124,0.05,False,0.6828979449669106,0.6872759856630823,0.7974656250518319,0.6260459743335858,0.7732548216419183
C2,nested-RFECV balanced,balanced,outer_training_fold,3,7042,0.7176243814589877,0.04033672632028464,124,0.05,False,0.703855406822528,0.7221674876847292,0.7496116361616636,0.6486120643636086,0.763875312262409
C2,nested-RFECV balanced,balanced,outer_training_fold,3,8215,0.703266383412151,0.034835489492375096,124,0.05,False,0.6812739463601533,0.7213037634408602,0.7266769073220686,0.645992714025501,0.7410845859121721
C2,nested-RFECV balanced,balanced,outer_training_fold,3,9388,0.702390258696174,0.0479568417207018,124,0.05,False,0.7197221383267894,0.686070943023112,0.7652727996814018,0.6207583372292348,0.720127075220332
C2,nested-RFECV balanced,balanced,outer_training_fold,3,10561,0.7025338145964187,0.06228859353651831,124,0.05,False,0.7137295879689388,0.6868778280542985,0.7940697295536006,0.6004341309110232,0.717557796494232
C2,nested-RFECV balanced,balanced,outer_training_fold,3,11734,0.7122871325642868,0.049754636489367184,124,0.05,False,0.7308885239919722,0.6856777960226236,0.7823793490460158,0.6338983839088478,0.7285916098519746
C2,nested-RFECV balanced,balanced,outer_training_fold,3,12907,0.6929115903857819,0.04595839095391758,124,0.05,False,0.6762643041712809,0.6585218702865762,0.7477954144620811,0.6358454106280192,0.7461309523809524
C2,nested-RFECV balanced,balanced,outer_training_fold,3,14080,0.7083402196954117,0.017546030039527986,124,0.05,False,0.7133520074696545,0.6953972868217054,0.7309104777576373,0.6819142512077295,0.720127075220332
C2,nested-RFECV balanced,balanced,outer_training_fold,3,15253,0.7001124872497966,0.03305455951746698,124,0.05,False,0.695611577964519,0.6941348973607037,0.7387520568798781,0.644094555384878,0.7279693486590038
C2,nested-RFECV balanced,balanced,outer_training_fold,3,16426,0.7024478246930945,0.04970926722829925,124,0.05,False,0.6682051925247711,0.7076072837781536,0.775480302399778,0.6311965811965812,0.7297497635661886
C2,nested-RFECV balanced,balanced,outer_training_fold,3,17599,0.6945286926365454,0.05966681329359016,124,0.05,False,0.693841715790794,0.6883515308535357,0.7762650999952863,0.5927565451145395,0.7214285714285714
C2,nested-RFECV balanced,balanced,outer_training_fold,3,18772,0.6873690834583821,0.0634362860227554,124,0.05,False,0.6847943722943723,0.7221674876847292,0.7435316621363134,0.5662248199561633,0.720127075220332
C2,nested-RFECV balanced,balanced,outer_training_fold,3,19945,0.6795213675965577,0.06296260624576583,124,0.05,False,0.6801176965111392,0.6576110871219131,0.7408607265138561,0.5735508272821705,0.7454665005537099
C2,nested-RFECV balanced,balanced,outer_training_fold,3,21118,0.6976047786103489,0.04251379840499402,124,0.05,False,0.7215853505581338,0.6699346405228758,0.7472218738241566,0.6289251207729469,0.7203569073736311
C2,nested-RFECV balanced,balanced,outer_training_fold,3,22291,0.6974358431548965,0.04754184080040264,124,0.05,False,0.7131465821879651,0.6868778280542985,0.7387520568798781,0.6103416705625682,0.7380610780897725
C2,nested-RFECV balanced,balanced,outer_training_fold,3,23464,0.6975057347938981,0.061203225177194634,124,0.05,False,0.7133520074696545,0.6761904761904761,0.7695465454086143,0.591357119582926,0.7370825253178195
C2,nested-RFECV balanced,balanced,outer_training_fold,4,124,0.7241583214951757,0.06067529930470129,124,0.05,True,0.7231182795698925,0.6246944619037642,0.7734389737785324,0.7986208691126725,0.700919023111017
C2,nested-RFECV balanced,balanced,outer_training_fold,4,1177,0.7091110152446167,0.03415792491930482,124,0.05,False,0.6937198067632849,0.6581649986696957,0.7336860670194003,0.7576096736673469,0.7023745301033558
C2,nested-RFECV balanced,balanced,outer_training_fold,4,2350,0.7175787008920376,0.05152407877482437,124,0.05,False,0.6928181108508977,0.6515512074739996,0.7117683026072115,0.8083134380841338,0.7234424454439446
C2,nested-RFECV balanced,balanced,outer_training_fold,4,3523,0.7147167851068156,0.05200845444512781,124,0.05,False,0.6872064681053445,0.6303451330997544,0.759007701536437,0.7749985624748433,0.7220260603176989
C2,nested-RFECV balanced,balanced,outer_training_fold,4,4696,0.7106969483439389,0.05769269676524292,124,0.05,False,0.6841150942274538,0.6185185185185186,0.748906691435427,0.7879492327380744,0.7139952048002209
C2,nested-RFECV balanced,balanced,outer_training_fold,4,5869,0.6987198045038732,0.03829379068373124,124,0.05,False,0.7051146384479718,0.6457722868984451,0.7194311378562537,0.7547965422728232,0.6684844170438723
C2,nested-RFECV balanced,balanced,outer_training_fold,4,7042,0.7135548214790376,0.06655247080706467,124,0.05,False,0.6951129316720714,0.6332880249504028,0.7723440345231859,0.808047574915045,0.6589815413344825
C2,nested-RFECV balanced,balanced,outer_training_fold,4,8215,0.6907288501644517,0.041038797040616574,124,0.05,False,0.6620320284222195,0.6628795775137238,0.7212108456978497,0.7564534231200898,0.6510683760683761
C2,nested-RFECV balanced,balanced,outer_training_fold,4,9388,0.7006876621962397,0.03839201285640783,124,0.05,False,0.6841150942274538,0.660458100950577,0.7016030025605948,0.7728699604094924,0.6843921528330807
C2,nested-RFECV balanced,balanced,outer_training_fold,4,10561,0.7033946035609112,0.036016430763093736,124,0.05,False,0.7021877415135842,0.6846441947565544,0.7207570207570207,0.7586737954329852,0.6507102653444117
C2,nested-RFECV balanced,balanced,outer_training_fold,4,11734,0.6862774893096132,0.03521847458822431,124,0.05,False,0.6667810599860968,0.627596948338217,0.7130478501322491,0.7250233426704016,0.6989382454211016
C2,nested-RFECV balanced,balanced,outer_training_fold,4,12907,0.7120463068789389,0.038725363327744095,124,0.05,False,0.7110730799255389,0.655026455026455,0.7274395399966176,0.7727272727272728,0.6939651867188098
C2,nested-RFECV balanced,balanced,outer_training_fold,4,14080,0.687366781630367,0.0396563132040818,124,0.05,False,0.6643486143486143,0.6291638494478251,0.7375679875679876,0.724607128415912,0.6811463283714962
C2,nested-RFECV balanced,balanced,outer_training_fold,4,15253,0.685130567962777,0.040113057023337555,124,0.05,False,0.6784261715296198,0.6270227631282399,0.7367147216668419,0.7223665223665222,0.6611226611226612
C2,nested-RFECV balanced,balanced,outer_training_fold,4,16426,0.6880734235773014,0.055998083678319543,124,0.05,False,0.7249896606038208,0.607646999309377,0.7177758571016998,0.753586800573888,0.6363678002977212
C2,nested-RFECV balanced,balanced,outer_training_fold,4,17599,0.6910823391995176,0.05881038331816795,124,0.05,False,0.7058656198441144,0.6309420531642754,0.728734124642053,0.7724287050023376,0.6174411933448077
C2,nested-RFECV balanced,balanced,outer_training_fold,4,18772,0.6969841710034934,0.059866339068998915,124,0.05,False,0.7051146384479718,0.6125836680053548,0.7217185513634304,0.7890490268539049,0.6564549703468049
C2,nested-RFECV balanced,balanced,outer_training_fold,4,19945,0.6832956814290447,0.030097122392023293,124,0.05,False,0.6881606765327696,0.6332880249504028,0.7117865219357756,0.7145822150653068,0.6686609686609687
C2,nested-RFECV balanced,balanced,outer_training_fold,4,21118,0.6899003057939457,0.039679120734360536,124,0.05,False,0.6890399723733057,0.6542934415145368,0.7060897002479152,0.7554282090726541,0.6446502057613169
C2,nested-RFECV balanced,balanced,outer_training_fold,4,22291,0.6715335239007312,0.027528870017380976,124,0.05,False,0.6841150942274538,0.634916327453641,0.7047807657563755,0.6908261721694556,0.6430292598967299
C2,nested-RFECV balanced,balanced,outer_training_fold,4,23464,0.6756727836568833,0.053995999897735576,124,0.05,False,0.6872064681053445,0.6153846153846154,0.7223443223443223,0.7424019607843136,0.611026551665821
C2,nested-RFECV balanced,balanced,outer_training_fold,5,124,0.6817055677814114,0.03009533700577569,124,0.05,False,0.7177469135802469,0.6544576196750109,0.7026049973418393,0.6384901648059543,0.6952281435040056
C2,nested-RFECV balanced,balanced,outer_training_fold,5,1177,0.6893341815179576,0.03830972502198899,124,0.05,False,0.6923367357008319,0.6614223731371439,0.6551677489177489,0.7615204555776822,0.6762235942563811
C2,nested-RFECV balanced,balanced,outer_training_fold,5,2350,0.70547899018052,0.03132750650360209,124,0.05,False,0.7013745704467355,0.7025089605734767,0.6732377538829152,0.7643097643097643,0.6859639016897082
C2,nested-RFECV balanced,balanced,outer_training_fold,5,3523,0.6946747390222344,0.03135048076091172,124,0.05,False,0.7420634920634921,0.6552104899930987,0.6778535865756962,0.7189802534630121,0.6792658730158729
C2,nested-RFECV balanced,balanced,outer_training_fold,5,4696,0.7116840818222379,0.036343399346377266,124,0.05,False,0.7524981443582054,0.6785759897828862,0.6955698200568241,0.7580027190705723,0.6737737358427013
C2,nested-RFECV balanced,balanced,outer_training_fold,5,5869,0.711970574515745,0.05570195188527108,124,0.05,True,0.7904223836427225,0.6358544874462478,0.7035253552107484,0.7567098972986573,0.6733407489803485
C2,nested-RFECV balanced,balanced,outer_training_fold,5,7042,0.6969635803378119,0.05658004933353429,124,0.05,False,0.7809912248176988,0.6517323775388291,0.6585639442047059,0.7488487276875774,0.6446816274402482
C2,nested-RFECV balanced,balanced,outer_training_fold,5,8215,0.6843862972249424,0.05584691890780203,124,0.05,False,0.7412055450438274,0.5962072649572651,0.6756206756206756,0.7475103685270766,0.6613876319758673
C2,nested-RFECV balanced,balanced,outer_training_fold,5,9388,0.6913939946052904,0.03812378952287333,124,0.05,False,0.7243475526674352,0.6605197401299351,0.6630121439110204,0.7496923534390082,0.659398182879053
C2,nested-RFECV balanced,balanced,outer_training_fold,5,10561,0.6827712042037701,0.060215278787525306,124,0.05,False,0.7733125918243885,0.6058663558663558,0.6619451217152367,0.7285425685425686,0.6441893830703013
C2,nested-RFECV balanced,balanced,outer_training_fold,5,11734,0.7001494535101764,0.051462976246101876,124,0.05,False,0.7809912248176988,0.6522883063629084,0.6548168249660787,0.74012467913458,0.6725262322696164
C2,nested-RFECV balanced,balanced,outer_training_fold,5,12907,0.680163274347719,0.08041174704168383,124,0.05,False,0.7513409961685825,0.6257495590828924,0.6279267960105969,0.8002355425601039,0.5955634779164192
C2,nested-RFECV balanced,balanced,outer_training_fold,5,14080,0.6661384975255958,0.056441550051426995,124,0.05,False,0.7331662489557226,0.6174242424242424,0.6099862637362637,0.7360161156535133,0.6340996168582375
C2,nested-RFECV balanced,balanced,outer_training_fold,5,15253,0.6895345583303646,0.05274481508796218,124,0.05,False,0.7441781586111483,0.6443035260239561,0.6548168249660787,0.7628205128205128,0.6415537692301272
C2,nested-RFECV balanced,balanced,outer_training_fold,5,16426,0.6695181837379774,0.06163713796641654,124,0.05,False,0.750026202704119,0.6058663558663558,0.6866744366744366,0.7141148325358851,0.5909090909090909
C2,nested-RFECV balanced,balanced,outer_training_fold,5,17599,0.6755885966986441,0.04926632014595957,124,0.05,False,0.7320569464899362,0.6382241215574549,0.6084587813620072,0.7303539277346158,0.6688492063492063
C2,nested-RFECV balanced,balanced,outer_training_fold,5,18772,0.66855292599506,0.06880510800892231,124,0.05,False,0.7623285131627734,0.5757722875534937,0.6282661782661783,0.7322082679225538,0.6441893830703013
C2,nested-RFECV balanced,balanced,outer_training_fold,5,19945,0.6769326794063636,0.05438180411055234,124,0.05,False,0.7518796992481201,0.6140313390313391,0.6765734265734266,0.7218085618085618,0.6203703703703703
C2,nested-RFECV balanced,balanced,outer_training_fold,5,21118,0.6677349787832476,0.08308960745232412,124,0.05,False,0.7595903429397657,0.5573070974714442,0.6303030303030303,0.7696232339089483,0.6218511892930497
C2,nested-RFECV balanced,balanced,outer_training_fold,5,22291,0.6803243730109085,0.04998828822152698,124,0.05,False,0.7518796992481201,0.6235431235431236,0.6628507529576595,0.7254970760233919,0.6378512132822478
C2,nested-RFECV balanced,balanced,outer_training_fold,5,23464,0.6620303180557839,0.03813349206406155,124,0.05,False,0.6765031265031265,0.6235431235431236,0.6295302513648984,0.7285425685425686,0.6520325203252032
