page_number,raw_char_count,normalized_char_count,matching_text_char_count,removed_technical_lines_count,replacement_char_count,quality_requires_manual_review,normalization_status,normalization_warning
1,4073,3977,3977,1,0,False,completed,
2,5360,5264,5264,1,0,False,completed,
3,3907,3811,3811,1,0,False,completed,
4,4662,4566,4566,1,0,False,completed,
5,1665,1569,1569,1,0,False,completed,
6,2706,2610,2610,1,0,False,completed,
7,916,820,820,1,0,False,completed,
8,1218,1122,1122,1,0,False,completed,
9,1291,1195,1195,1,0,False,completed,
10,2351,2255,2255,1,0,False,completed,
11,2087,1991,1991,1,0,False,completed,
12,877,781,781,1,0,False,completed,
13,2696,2600,2600,1,0,False,completed,
14,905,809,809,1,0,False,completed,
15,2789,2693,2693,1,0,False,completed,
16,3238,3142,3142,1,0,False,completed,
17,2111,2015,2015,1,0,False,completed,
18,2309,2213,2213,1,0,False,completed,
19,4232,4136,4136,1,0,False,completed,
20,5135,5039,5039,1,0,False,completed,
21,5052,4956,4956,1,0,False,completed,
22,2756,2660,2660,1,0,False,completed,
23,3155,3059,3059,1,0,False,completed,
24,1236,1140,1140,1,0,False,completed,
25,95,0,0,1,0,False,completed,
26,225,129,129,1,0,False,completed,
27,95,0,0,1,0,False,completed,
28,207,111,111,1,0,False,completed,
29,95,0,0,1,0,False,completed,
30,1560,1464,1464,1,0,False,completed,
31,3829,3733,3733,1,0,False,completed,
32,2243,2147,2147,1,0,False,completed,
33,1010,914,914,1,0,False,completed,
34,905,809,809,1,0,False,completed,
35,1609,1513,1513,1,0,False,completed,
36,821,725,725,1,0,False,completed,
37,1001,905,905,1,0,False,completed,
38,527,431,431,1,0,False,completed,
39,335,239,239,1,0,False,completed,
40,4165,4069,4069,1,0,False,completed,
41,2956,2860,2860,1,0,False,completed,
42,628,532,532,1,0,False,completed,
43,1599,1503,1503,1,0,False,completed,
44,2057,1961,1961,1,0,False,completed,
45,980,884,884,1,0,False,completed,
46,1202,1106,1106,1,0,False,completed,
47,2489,2393,2393,1,0,False,completed,
48,1674,1578,1578,1,0,False,completed,
49,3430,3334,3334,1,0,False,completed,
50,2425,2329,2329,1,0,False,completed,
51,2249,2153,2153,1,0,False,completed,
52,2909,2813,2813,1,0,False,completed,
53,4134,4038,4038,1,0,False,completed,
54,3910,3814,3814,1,0,False,completed,
55,3615,3519,3519,1,0,False,completed,
56,713,617,617,1,0,False,completed,
57,697,601,601,1,0,False,completed,
58,541,445,445,1,0,False,completed,
59,2314,2218,2218,1,0,False,completed,
60,2461,2365,2365,1,0,False,completed,
61,1738,1642,1642,1,0,False,completed,
62,3818,3722,3722,1,0,False,completed,
63,3363,3267,3267,1,0,False,completed,
64,4014,3918,3918,1,0,False,completed,
65,3870,3774,3774,1,0,False,completed,
66,2569,2473,2473,1,0,False,completed,
67,3666,3570,3570,1,0,False,completed,
68,3584,3412,3411,1,0,False,completed,
69,4043,3847,3846,1,0,False,completed,
70,3878,3782,3782,1,0,False,completed,
71,1526,1430,1430,1,0,False,completed,
72,2905,2809,2809,1,0,False,completed,
73,913,817,817,1,0,False,completed,
74,2243,2147,2147,1,0,False,completed,
75,826,730,730,1,0,False,completed,
76,4020,3924,3924,1,0,False,completed,
77,3771,3675,3675,1,0,False,completed,
78,2432,2336,2336,1,0,False,completed,
79,2510,2414,2414,1,0,False,completed,
80,112,16,16,1,0,False,completed,
81,95,0,0,1,0,False,completed,
82,222,126,126,1,0,False,completed,
83,95,0,0,1,0,False,completed,
84,206,110,110,1,0,False,completed,
85,95,0,0,1,0,False,completed,
86,878,782,782,1,0,False,completed,
87,855,759,759,1,0,False,completed,
88,1142,1046,1046,1,0,False,completed,
89,2303,2207,2207,1,0,False,completed,
90,1326,1230,1230,1,0,False,completed,
