page_number,total_char_count,nonspace_char_count,word_count,line_count,blank_extraction,near_blank_extraction,replacement_char_count,requires_manual_review,review_reason_code,review_reason_note,quality_status,notes
1,4073,3466,642,62,False,False,0,False,none,,text_extracted,
2,5360,4570,797,72,False,False,0,False,none,,text_extracted,
3,3907,3284,659,57,False,False,0,False,none,,text_extracted,
4,4662,3966,707,64,False,False,0,False,none,,text_extracted,
5,1665,1421,254,24,False,False,0,False,none,,text_extracted,
6,2706,2318,400,38,False,False,0,False,none,,text_extracted,
7,916,773,150,12,False,False,0,False,none,,text_extracted,
8,1218,1042,184,18,False,False,0,False,none,,text_extracted,
9,1291,1094,215,19,False,False,0,False,none,,text_extracted,
10,2351,1981,384,36,False,False,0,False,none,,text_extracted,
11,2087,1726,367,30,False,False,0,False,none,,text_extracted,
12,877,729,157,15,False,False,0,False,none,,text_extracted,
13,2696,2251,462,39,False,False,0,False,none,,text_extracted,
14,905,755,160,17,False,False,0,False,none,,text_extracted,
15,2789,2379,428,43,False,False,0,False,none,,text_extracted,
16,3238,2759,488,44,False,False,0,False,none,,text_extracted,
17,2111,1785,334,31,False,False,0,False,none,,text_extracted,
18,2309,1927,396,31,False,False,0,False,none,,text_extracted,
19,4232,3564,681,61,False,False,0,False,none,,text_extracted,
20,5135,4337,807,72,False,False,0,False,none,,text_extracted,
21,5052,4237,821,72,False,False,0,False,none,,text_extracted,
22,2756,2350,434,44,False,False,0,False,none,,text_extracted,
23,3155,2687,477,44,False,False,0,False,none,,text_extracted,
24,1236,1043,199,18,False,False,0,False,none,,text_extracted,
25,95,83,15,1,False,False,0,False,none,,text_extracted,
26,225,193,36,3,False,False,0,False,none,,text_extracted,
27,95,83,15,1,False,False,0,False,none,,text_extracted,
28,207,178,33,3,False,False,0,False,none,,text_extracted,
29,95,83,15,1,False,False,0,False,none,,text_extracted,
30,1560,1322,242,21,False,False,0,False,none,,text_extracted,
31,3829,3234,603,52,False,False,0,False,none,,text_extracted,
32,2243,1890,369,33,False,False,0,False,none,,text_extracted,
33,1010,852,165,15,False,False,0,False,none,,text_extracted,
34,905,763,145,12,False,False,0,False,none,,text_extracted,
35,1609,1359,256,24,False,False,0,False,none,,text_extracted,
36,821,693,132,14,False,False,0,False,none,,text_extracted,
37,1001,833,173,16,False,False,0,False,none,,text_extracted,
38,527,443,88,9,False,False,0,False,none,,text_extracted,
39,335,280,58,4,False,False,0,False,none,,text_extracted,
40,4165,3545,626,59,False,False,0,False,none,,text_extracted,
41,2956,2527,433,43,False,False,0,False,none,,text_extracted,
42,628,524,107,10,False,False,0,False,none,,text_extracted,
43,1599,1351,255,25,False,False,0,False,none,,text_extracted,
44,2057,1733,330,28,False,False,0,False,none,,text_extracted,
45,980,827,157,15,False,False,0,False,none,,text_extracted,
46,1202,1004,206,18,False,False,0,False,none,,text_extracted,
47,2489,2113,384,35,False,False,0,False,none,,text_extracted,
48,1674,1419,258,25,False,False,0,False,none,,text_extracted,
49,3430,2891,544,49,False,False,0,False,none,,text_extracted,
50,2425,2059,371,37,False,False,0,False,none,,text_extracted,
51,2249,1906,348,32,False,False,0,False,none,,text_extracted,
52,2909,2477,438,41,False,False,0,False,none,,text_extracted,
53,4134,3532,609,59,False,False,0,False,none,,text_extracted,
54,3910,3281,645,55,False,False,0,False,none,,text_extracted,
55,3615,3072,550,51,False,False,0,False,none,,text_extracted,
56,713,602,120,10,False,False,0,False,none,,text_extracted,
57,697,587,121,9,False,False,0,False,none,,text_extracted,
58,541,457,93,7,False,False,0,False,none,,text_extracted,
59,2314,1955,371,31,False,False,0,False,none,,text_extracted,
60,2461,2077,387,36,False,False,0,False,none,,text_extracted,
61,1738,1445,296,26,False,False,0,False,none,,text_extracted,
62,3818,3199,623,53,False,False,0,False,none,,text_extracted,
63,3363,2821,549,49,False,False,0,False,none,,text_extracted,
64,4014,3383,645,55,False,False,0,False,none,,text_extracted,
65,3870,3286,594,55,False,False,0,False,none,,text_extracted,
66,2569,2167,405,37,False,False,0,False,none,,text_extracted,
67,3666,3111,563,53,False,False,0,False,none,,text_extracted,
68,3584,3070,526,51,False,False,0,False,none,,text_extracted,
69,4043,3474,584,56,False,False,0,False,none,,text_extracted,
70,3878,3277,607,59,False,False,0,False,none,,text_extracted,
71,1526,1293,237,23,False,False,0,False,none,,text_extracted,
72,2905,2460,449,44,False,False,0,False,none,,text_extracted,
73,913,779,137,14,False,False,0,False,none,,text_extracted,
74,2243,1905,341,34,False,False,0,False,none,,text_extracted,
75,826,706,123,13,False,False,0,False,none,,text_extracted,
76,4020,3428,601,58,False,False,0,False,none,,text_extracted,
77,3771,3187,588,52,False,False,0,False,none,,text_extracted,
78,2432,2053,390,39,False,False,0,False,none,,text_extracted,
79,2510,2138,390,38,False,False,0,False,none,,text_extracted,
80,112,97,18,2,False,False,0,False,none,,text_extracted,
81,95,83,15,1,False,False,0,False,none,,text_extracted,
82,222,190,35,3,False,False,0,False,none,,text_extracted,
83,95,83,15,1,False,False,0,False,none,,text_extracted,
84,206,176,32,4,False,False,0,False,none,,text_extracted,
85,95,83,15,1,False,False,0,False,none,,text_extracted,
86,878,736,144,14,False,False,0,False,none,,text_extracted,
87,855,720,138,13,False,False,0,False,none,,text_extracted,
88,1142,961,184,17,False,False,0,False,none,,text_extracted,
89,2303,1966,343,34,False,False,0,False,none,,text_extracted,
90,1326,1117,213,23,False,False,0,False,none,,text_extracted,
