model_family,feature_scope,source_model_event_id,accuracy,class_weight,configuration_id,configuration_label,fold,macro_f1,macro_precision,macro_recall,record_type,selected_configuration,training_records,validation_records,weighted_f1
A,436 mutual-information-selected features,MODEL_000002,0.8053097345132744,None,A1,unweighted baseline,1,0.7791713117800074,0.8257309941520466,0.7621806298276886,fold,True,448,113,0.8013881078521324
A,436 mutual-information-selected features,MODEL_000002,0.75,None,A1,unweighted baseline,2,0.7108124919118168,0.7366571699905032,0.6991648511256354,fold,True,449,112,0.7405889330396838
A,436 mutual-information-selected features,MODEL_000002,0.7767857142857143,None,A1,unweighted baseline,3,0.726995476620664,0.7646782727427889,0.7225589225589225,fold,True,449,112,0.7611544502474038
A,436 mutual-information-selected features,MODEL_000002,0.7321428571428571,None,A1,unweighted baseline,4,0.7123730928656086,0.7758741258741259,0.7060157126823793,fold,True,449,112,0.7256291942175228
A,436 mutual-information-selected features,MODEL_000002,0.75,None,A1,unweighted baseline,5,0.7101105094835503,0.743731343283582,0.6966329966329966,fold,True,449,112,0.7381257718248314
A,436 mutual-information-selected features,MODEL_000002,0.7628476611883692,None,A1,unweighted baseline,all,0.7278925765323294,0.7693343812086093,0.7173106225655245,mean,True,,,0.7533772914363148
A,436 mutual-information-selected features,MODEL_000002,0.028592860921432765,None,A1,unweighted baseline,all,0.02949194402419807,0.03524323070396152,0.027042884596275876,std,True,,,0.029713761762396904
A,436 mutual-information-selected features,MODEL_000002,0.7610619469026548,balanced,A2,balanced adaptation,1,0.7244703790293116,0.7743803711545647,0.7087344028520498,fold,False,448,113,0.7537162192659217
A,436 mutual-information-selected features,MODEL_000002,0.7767857142857143,balanced,A2,balanced adaptation,2,0.7368889743096932,0.77355127198018,0.7213144517066086,fold,False,449,112,0.7664386617610719
A,436 mutual-information-selected features,MODEL_000002,0.7410714285714286,balanced,A2,balanced adaptation,3,0.6889101490871402,0.7400096458591704,0.6907070707070707,fold,False,449,112,0.7235346123620461
A,436 mutual-information-selected features,MODEL_000002,0.7232142857142857,balanced,A2,balanced adaptation,4,0.7085857326851968,0.7542471999207057,0.6952188552188551,fold,False,449,112,0.7192911339719734
A,436 mutual-information-selected features,MODEL_000002,0.7857142857142857,balanced,A2,balanced adaptation,5,0.756084656084656,0.7874643874643875,0.7402693602693602,fold,False,449,112,0.7782454648526077
A,436 mutual-information-selected features,MODEL_000002,0.7575695322376739,balanced,A2,balanced adaptation,all,0.7229879782391995,0.7659305752758017,0.7112488281507888,mean,False,,,0.7482452184427241
A,436 mutual-information-selected features,MODEL_000002,0.0256225298771404,balanced,A2,balanced adaptation,all,0.02578540481054677,0.018718807237216115,0.02017891367040432,std,False,,,0.02602835509042448
B,"all 23,464 TF-IDF features",MODEL_000003,0.7699115044247787,None,B1,full-feature unweighted baseline,1,0.6766081871345029,0.8301587301587302,0.6827985739750445,fold,False,448,113,0.736407390156808
B,"all 23,464 TF-IDF features",MODEL_000003,0.7678571428571429,None,B1,full-feature unweighted baseline,2,0.7215065858703147,0.8261875111190179,0.6951706608569354,fold,False,449,112,0.7522976678606419
B,"all 23,464 TF-IDF features",MODEL_000003,0.7767857142857143,None,B1,full-feature unweighted baseline,3,0.6978726198600821,0.8020833333333334,0.7050056116722784,fold,False,449,112,0.7454648226937522
B,"all 23,464 TF-IDF features",MODEL_000003,0.6875,None,B1,full-feature unweighted baseline,4,0.6472308221534228,0.7660206718346254,0.6379573512906845,fold,False,449,112,0.6757380583812472
B,"all 23,464 TF-IDF features",MODEL_000003,0.75,None,B1,full-feature unweighted baseline,5,0.6904532304725169,0.811904761904762,0.6772390572390572,fold,False,449,112,0.7292585066813612
B,"all 23,464 TF-IDF features",MODEL_000003,0.7504108723135272,None,B1,full-feature unweighted baseline,all,0.6867342890981678,0.8072710016700938,0.6796342510068001,mean,False,,,0.7278332891547621
B,"all 23,464 TF-IDF features",MODEL_000003,0.036531582120762976,None,B1,full-feature unweighted baseline,all,0.027432040580090883,0.02564983330023962,0.025679757767688858,std,False,,,0.030409029591300752
B,"all 23,464 TF-IDF features",MODEL_000003,0.7787610619469026,balanced,B2,full-feature balanced adaptation,1,0.6971526659633928,0.8366153478935434,0.7041740938799762,fold,True,448,113,0.7552517070443185
B,"all 23,464 TF-IDF features",MODEL_000003,0.8035714285714286,balanced,B2,full-feature balanced adaptation,2,0.7515169046192415,0.851037851037851,0.7380174291938998,fold,True,449,112,0.7875738282668178
B,"all 23,464 TF-IDF features",MODEL_000003,0.7232142857142857,balanced,B2,full-feature balanced adaptation,3,0.6670454345260116,0.7681414446120328,0.6790572390572391,fold,True,449,112,0.7045919783007543
B,"all 23,464 TF-IDF features",MODEL_000003,0.6785714285714286,balanced,B2,full-feature balanced adaptation,4,0.6301897695490374,0.7621044605413649,0.6246240179573513,fold,True,449,112,0.6626280993986944
B,"all 23,464 TF-IDF features",MODEL_000003,0.7589285714285714,balanced,B2,full-feature balanced adaptation,5,0.6996972046822495,0.8159722222222222,0.6912682379349047,fold,True,449,112,0.7395655296016711
B,"all 23,464 TF-IDF features",MODEL_000003,0.7486093552465233,balanced,B2,full-feature balanced adaptation,all,0.6891203958679866,0.806774265261403,0.6874282036046743,mean,True,,,0.7299222285224513
B,"all 23,464 TF-IDF features",MODEL_000003,0.048955750104617266,balanced,B2,full-feature balanced adaptation,all,0.044804668251527575,0.04006945200446664,0.04143935096247638,std,True,,,0.048032291434506595
